Date,Country,Cases,Deaths
3/17/2003,Germany,1,0
3/17/2003,Canada,8,
3/17/2003,Singapore,20,0
3/17/2003,Hong Kong,95,1
3/17/2003,Switzerland,2,0
3/17/2003,Thailand,1,0
3/17/2003,Viet Nam,40,1
3/17/2003,Total,167,4
3/18/2003,Germany,2,0
3/18/2003,Canada,8,2
3/18/2003,China,0,0
3/18/2003,Singapore,23,0
3/18/2003,Hong Kong,123,1
3/18/2003,Taiwan,3,0
3/18/2003,Thailand,1,0
3/18/2003,Viet Nam,57,1
3/18/2003,Slovenia,1,0
3/18/2003,United Kingdom,1,0
3/18/2003,Total,219,4
3/19/2003,Canada,8,2
3/19/2003,China,0,0
3/19/2003,Germany,1,0
3/19/2003,Hong Kong,150,5
3/19/2003,Singapore,31,0
3/19/2003,Slovenia,1,0
3/19/2003,Spain,1,0
3/19/2003,Taiwan,3,0
3/19/2003,Thailand,1,0
3/19/2003,United Kingdom,1,0
3/19/2003,United States,11,0
3/19/2003,Viet Nam,56,2
3/19/2003,Total,264,9
3/20/2003,Canada,9,2
3/20/2003,China,0,0
3/20/2003,Germany,1,0
3/20/2003,Hong Kong,173,6
3/20/2003,Singapore,34,0
3/20/2003,Slovenia,1,0
3/20/2003,Spain,1,0
3/20/2003,Switzerland,7,0
3/20/2003,Taiwan,4,0
3/20/2003,Thailand,1,0
3/20/2003,United Kingdom,2,0
3/20/2003,United States,11,0
3/20/2003,Viet Nam,62,2
3/20/2003,Total,306,10
3/21/2003,Canada,9,2
3/21/2003,China,0,0
3/21/2003,Germany,1,0
3/21/2003,Hong Kong,203,6
3/21/2003,Italy,1,0
3/21/2003,Republic of Ireland,1,0
3/21/2003,Singapore,39,0
3/21/2003,Slovenia,1,0
3/21/2003,Spain,1,0
3/21/2003,Switzerland,7,0
3/21/2003,Taiwan,6,0
3/21/2003,Thailand,4,0
3/21/2003,United Kingdom,2,0
3/21/2003,United States,13,0
3/21/2003,Viet Nam,62,2
3/21/2003,Total,350,10
3/22/2003,Canada,9,2
3/22/2003,China,0,0
3/22/2003,Germany,2,0
3/22/2003,Hong Kong,222,7
3/22/2003,Italy,2,0
3/22/2003,Republic of Ireland,1,0
3/22/2003,Singapore,44,0
3/22/2003,Slovenia,1,0
3/22/2003,Spain,1,0
3/22/2003,Switzerland,7,0
3/22/2003,Taiwan,6,0
3/22/2003,Thailand,4,0
3/22/2003,United Kingdom,2,0
3/22/2003,United States,22,0
3/22/2003,Viet Nam,63,2
3/22/2003,Total,386,11
3/24/2003,Canada,11,3
3/24/2003,China,0,0
3/24/2003,France,1,0
3/24/2003,Germany,4,0
3/24/2003,Hong Kong,260,10
3/24/2003,Italy,2,0
3/24/2003,Republic of Ireland,1,0
3/24/2003,Singapore,65,0
3/24/2003,Spain,1,0
3/24/2003,Switzerland,2,0
3/24/2003,Taiwan,6,0
3/24/2003,Thailand,5,0
3/24/2003,United Kingdom,3,0
3/24/2003,United States,37,0
3/24/2003,Viet Nam,58,4
3/24/2003,Total,456,17
3/25/2003,Canada,11,3
3/25/2003,China,0,0
3/25/2003,France,1,0
3/25/2003,Germany,4,0
3/25/2003,Hong Kong,286,10
3/25/2003,Italy,2,0
3/25/2003,Republic of Ireland,1,0
3/25/2003,Singapore,69,0
3/25/2003,Switzerland,2,0
3/25/2003,Taiwan,6,0
3/25/2003,Thailand,5,0
3/25/2003,United Kingdom,3,0
3/25/2003,United States,39,0
3/25/2003,Viet Nam,58,4
3/25/2003,Total,487,17
3/26/2003,Canada,19,3
3/26/2003,China,792,31
3/26/2003,Hong Kong,316,10
3/26/2003,Taiwan,6,0
3/26/2003,France,1,0
3/26/2003,Germany,4,0
3/26/2003,Italy,3,0
3/26/2003,Republic of Ireland,2,0
3/26/2003,Singapore,74,1
3/26/2003,Switzerland,2,0
3/26/2003,Thailand,3,0
3/26/2003,United Kingdom,3,0
3/26/2003,United States,40,0
3/26/2003,Viet Nam,58,4
3/26/2003,Total,1323,49
3/27/2003,Canada,28,3
3/27/2003,China,806,34
3/27/2003,Hong Kong,367,10
3/27/2003,Taiwan,6,0
3/27/2003,France,1,0
3/27/2003,Germany,4,0
3/27/2003,Italy,2,0
3/27/2003,Republic of Ireland,2,0
3/27/2003,Romania,3,0
3/27/2003,Singapore,78,2
3/27/2003,Switzerland,2,0
3/27/2003,Thailand,3,0
3/27/2003,United Kingdom,3,0
3/27/2003,United States,45,0
3/27/2003,Viet Nam,58,4
3/27/2003,Total,1408,53
3/28/2003,Canada,29,3
3/28/2003,China,806,34
3/28/2003,Hong Kong,425,10
3/28/2003,Taiwan,10,0
3/28/2003,France,1,0
3/28/2003,Germany,4,0
3/28/2003,Italy,2,0
3/28/2003,Republic of Ireland,2,0
3/28/2003,Romania,3,0
3/28/2003,Singapore,86,2
3/28/2003,Switzerland,2,0
3/28/2003,Thailand,3,0
3/28/2003,United Kingdom,3,0
3/28/2003,United States,51,0
3/28/2003,Viet Nam,58,4
3/28/2003,Total,1485,53
3/29/2003,Canada,37,3
3/29/2003,China,806,34
3/29/2003,Hong Kong,470,10
3/29/2003,Taiwan,10,0
3/29/2003,France,1,0
3/29/2003,Germany,4,0
3/29/2003,Italy,2,0
3/29/2003,Republic of Ireland,2,0
3/29/2003,Romania,3,0
3/29/2003,Singapore,89,2
3/29/2003,Switzerland,3,0
3/29/2003,Thailand,3,1
3/29/2003,United Kingdom,3,0
3/29/2003,United States,59,0
3/29/2003,Viet Nam,58,4
3/29/2003,Total,1550,54
3/31/2003,Canada,44,4
3/31/2003,China,806,34
3/31/2003,Hong Kong,530,13
3/31/2003,Taiwan,10,0
3/31/2003,France,1,0
3/31/2003,Germany,5,0
3/31/2003,Italy,2,0
3/31/2003,Republic of Ireland,2,0
3/31/2003,Romania,3,0
3/31/2003,Singapore,91,2
3/31/2003,Switzerland,3,0
3/31/2003,Thailand,5,1
3/31/2003,United Kingdom,3,0
3/31/2003,United States,59,0
3/31/2003,Viet Nam,58,4
3/31/2003,Total,1622,58
4/1/2003,Australia,1,0
4/1/2003,Belgium,1,0
4/1/2003,Canada,53,4
4/1/2003,China,806,34
4/1/2003,Hong Kong,685,16
4/1/2003,Taiwan,13,0
4/1/2003,France,1,0
4/1/2003,Germany,5,0
4/1/2003,Italy,3,0
4/1/2003,Republic of Ireland,2,0
4/1/2003,Romania,3,0
4/1/2003,Singapore,92,3
4/1/2003,Switzerland,3,0
4/1/2003,Thailand,6,1
4/1/2003,United Kingdom,3,0
4/1/2003,United States,69,0
4/1/2003,Viet Nam,58,4
4/1/2003,Total,1804,62
4/2/2003,Australia,1,0
4/2/2003,Belgium,1,0
4/2/2003,Canada,58,6
4/2/2003,China,1190,46
4/2/2003,Hong Kong,708,16
4/2/2003,Taiwan,13,0
4/2/2003,France,1,0
4/2/2003,Germany,5,0
4/2/2003,Italy,3,0
4/2/2003,Republic of Ireland,2,0
4/2/2003,Romania,3,0
4/2/2003,Singapore,95,4
4/2/2003,Spain,1,0
4/2/2003,Switzerland,2,0
4/2/2003,Thailand,7,2
4/2/2003,United Kingdom,3,0
4/2/2003,United States,72,0
4/2/2003,Viet Nam,58,4
4/2/2003,Total,2223,78
4/3/2003,Australia,1,0
4/3/2003,Belgium,1,0
4/3/2003,Brazil,1,0
4/3/2003,Canada,62,6
4/3/2003,China,1190,46
4/3/2003,Hong Kong,734,17
4/3/2003,Taiwan,14,0
4/3/2003,France,3,0
4/3/2003,Germany,5,0
4/3/2003,Italy,3,0
4/3/2003,Republic of Ireland,1,0
4/3/2003,Romania,1,0
4/3/2003,Singapore,98,4
4/3/2003,Switzerland,2,0
4/3/2003,Thailand,7,2
4/3/2003,United Kingdom,3,0
4/3/2003,United States,85,0
4/3/2003,Viet Nam,59,4
4/3/2003,Total,2270,79
4/4/2003,Australia,1,0
4/4/2003,Belgium,1,0
4/4/2003,Brazil,1,0
4/4/2003,Canada,69,7
4/4/2003,China,1220,49
4/4/2003,Hong Kong,761,17
4/4/2003,Taiwan,15,0
4/4/2003,France,3,0
4/4/2003,Germany,5,0
4/4/2003,Italy,3,0
4/4/2003,Republic of Ireland,1,0
4/4/2003,Romania,1,0
4/4/2003,Singapore,100,5
4/4/2003,Spain,1,0
4/4/2003,Switzerland,2,0
4/4/2003,Thailand,7,2
4/4/2003,United Kingdom,3,0
4/4/2003,United States,100,0
4/4/2003,Viet Nam,59,4
4/4/2003,Total,2353,84
4/5/2003,Australia,1,0
4/5/2003,Belgium,1,0
4/5/2003,Brazil,1,0
4/5/2003,Canada,74,7
4/5/2003,China,1220,49
4/5/2003,Hong Kong,800,20
4/5/2003,Taiwan,17,0
4/5/2003,France,3,0
4/5/2003,Germany,5,0
4/5/2003,Italy,3,0
4/5/2003,Malaysia,1,1
4/5/2003,Republic of Ireland,1,0
4/5/2003,Romania,1,0
4/5/2003,Singapore,101,6
4/5/2003,Spain,1,0
4/5/2003,Switzerland,1,0
4/5/2003,Thailand,7,2
4/5/2003,United Kingdom,4,0
4/5/2003,United States,115,0
4/5/2003,Viet Nam,59,4
4/5/2003,Total,2416,89
4/6/2003,Brazil,2,0
4/6/2003,Canada,103,3
4/6/2003,China,1432,14
4/6/2003,Hong Kong,1268,36
4/6/2003,Taiwan,27,4
4/6/2003,France,5,0
4/6/2003,Germany,6,0
4/6/2003,Indonesia,1,0
4/6/2003,Italy,3,0
4/6/2003,Japan,1,0
4/6/2003,Kuwait,1,0
4/6/2003,Malaysia,5,1
4/6/2003,Philippines,1,0
4/6/2003,Republic of Ireland,1,0
4/6/2003,Romania,1,0
4/6/2003,Singapore,162,0
4/6/2003,South Africa,1,0
4/6/2003,Spain,1,0
4/6/2003,Sweden,1,0
4/6/2003,Switzerland,1,0
4/6/2003,Thailand,8,0
4/6/2003,United Kingdom,6,0
4/6/2003,United States,193,0
4/6/2003,Viet Nam,63,0
4/6/2003,Total,3293,58
4/7/2003,Australia,1,0
4/7/2003,Brazil,1,0
4/7/2003,Canada,90,9
4/7/2003,China,1268,53
4/7/2003,Hong Kong,883,23
4/7/2003,Taiwan,21,0
4/7/2003,France,3,0
4/7/2003,Germany,5,0
4/7/2003,Italy,3,0
4/7/2003,Malaysia,1,1
4/7/2003,Republic of Ireland,1,0
4/7/2003,Romania,1,0
4/7/2003,Singapore,106,6
4/7/2003,Spain,1,0
4/7/2003,Switzerland,1,0
4/7/2003,Thailand,7,2
4/7/2003,United Kingdom,5,0
4/7/2003,United States,141,0
4/7/2003,Viet Nam,62,4
4/7/2003,Total,2601,98
4/8/2003,Australia,1,0
4/8/2003,Brazil,1,0
4/8/2003,Canada,91,10
4/8/2003,China,1279,53
4/8/2003,Hong Kong,928,25
4/8/2003,Taiwan,19,0
4/8/2003,France,4,0
4/8/2003,Germany,5,0
4/8/2003,Italy,3,0
4/8/2003,Malaysia,1,1
4/8/2003,Republic of Ireland,1,0
4/8/2003,Romania,1,0
4/8/2003,Singapore,113,8
4/8/2003,Spain,1,0
4/8/2003,Switzerland,1,0
4/8/2003,Thailand,7,2
4/8/2003,United Kingdom,5,0
4/8/2003,United States,148,0
4/8/2003,Viet Nam,62,4
4/8/2003,Total,2671,103
4/9/2003,Brazil,1,0
4/9/2003,Canada,94,10
4/9/2003,China,1280,53
4/9/2003,Hong Kong,970,27
4/9/2003,Taiwan,19,0
4/9/2003,France,4,0
4/9/2003,Germany,5,0
4/9/2003,Italy,3,0
4/9/2003,Malaysia,1,1
4/9/2003,Republic of Ireland,1,0
4/9/2003,Romania,1,0
4/9/2003,Singapore,118,9
4/9/2003,Spain,1,0
4/9/2003,Switzerland,1,0
4/9/2003,Thailand,7,2
4/9/2003,United Kingdom,5,0
4/9/2003,United States,149,0
4/9/2003,Viet Nam,62,4
4/9/2003,Total,2722,106
4/10/2003,Brazil,2,0
4/10/2003,Canada,97,10
4/10/2003,China,1290,55
4/10/2003,Hong Kong,998,30
4/10/2003,Taiwan,19,0
4/10/2003,France,4,0
4/10/2003,Germany,6,0
4/10/2003,Italy,3,0
4/10/2003,Kuwait,1,0
4/10/2003,Malaysia,3,1
4/10/2003,Republic of Ireland,1,0
4/10/2003,Romania,1,0
4/10/2003,Singapore,126,9
4/10/2003,Spain,1,0
4/10/2003,Switzerland,1,0
4/10/2003,Thailand,7,2
4/10/2003,United Kingdom,5,0
4/10/2003,United States,154,0
4/10/2003,Viet Nam,62,4
4/10/2003,Total,2781,111
4/11/2003,Brazil,2,0
4/11/2003,Canada,98,10
4/11/2003,China,1309,58
4/11/2003,Hong Kong,1059,32
4/11/2003,Taiwan,21,0
4/11/2003,France,5,0
4/11/2003,Germany,6,0
4/11/2003,Italy,3,0
4/11/2003,Japan,4,0
4/11/2003,Kuwait,1,0
4/11/2003,Malaysia,4,1
4/11/2003,Republic of Ireland,1,0
4/11/2003,Romania,1,0
4/11/2003,Singapore,133,9
4/11/2003,South Africa,1,0
4/11/2003,Spain,1,0
4/11/2003,Switzerland,1,0
4/11/2003,Thailand,7,2
4/11/2003,United Kingdom,5,0
4/11/2003,United States,166,0
4/11/2003,Viet Nam,62,4
4/11/2003,Total,2890,116
4/12/2003,Brazil,2,0
4/12/2003,Canada,101,10
4/12/2003,China,1309,58
4/12/2003,Hong Kong,1108,35
4/12/2003,Taiwan,23,0
4/12/2003,France,5,0
4/12/2003,Germany,6,0
4/12/2003,Italy,3,0
4/12/2003,Japan,4,0
4/12/2003,Kuwait,1,0
4/12/2003,Malaysia,4,1
4/12/2003,Republic of Ireland,1,0
4/12/2003,Romania,1,0
4/12/2003,Singapore,147,9
4/12/2003,South Africa,1,0
4/12/2003,Spain,1,0
4/12/2003,Switzerland,1,0
4/12/2003,Thailand,8,2
4/12/2003,United Kingdom,6,0
4/12/2003,United States,166,0
4/12/2003,Viet Nam ,62,4
4/12/2003,Total,2960,119
4/14/2003,Brazil,2,0
4/14/2003,Canada,100,13
4/14/2003,China,1418,64
4/14/2003,Hong Kong,1190,47
4/14/2003,Taiwan,23,0
4/14/2003,France,5,0
4/14/2003,Germany,6,0
4/14/2003,Indonesia,1,0
4/14/2003,Italy,3,0
4/14/2003,Kuwait,1,0
4/14/2003,Malaysia,4,1
4/14/2003,Philippines,1,0
4/14/2003,Republic of Ireland,1,0
4/14/2003,Romania,1,0
4/14/2003,Singapore,158,12
4/14/2003,South Africa,1,0
4/14/2003,Spain,1,0
4/14/2003,Sweden,1,0
4/14/2003,Switzerland,1,0
4/14/2003,Thailand,8,2
4/14/2003,United Kingdom,6,0
4/14/2003,United States,174,0
4/14/2003,Viet Nam,63,5
4/14/2003,Total,3169,144
4/15/2003,Brazil,2,0
4/15/2003,Canada,100,13
4/15/2003,China,1418,64
4/15/2003,Hong Kong,1232,56
4/15/2003,Taiwan,23,0
4/15/2003,France,5,0
4/15/2003,Germany,6,0
4/15/2003,Indonesia,1,0
4/15/2003,Italy,3,0
4/15/2003,Japan,1,0
4/15/2003,Kuwait,1,0
4/15/2003,Malaysia,4,1
4/15/2003,Philippines,1,0
4/15/2003,Republic of Ireland,1,0
4/15/2003,Romania,1,0
4/15/2003,Singapore,162,13
4/15/2003,South Africa,1,0
4/15/2003,Spain,1,0
4/15/2003,Sweden,1,0
4/15/2003,Switzerland,1,0
4/15/2003,Thailand,8,2
4/15/2003,United Kingdom,6,0
4/15/2003,United States,193,0
4/15/2003,Viet Nam,63,5
4/15/2003,Total,3235,154
4/16/2003,Brazil,2,0
4/16/2003,Canada,103,13
4/16/2003,China,1432,64
4/16/2003,Hong Kong,1268,61
4/16/2003,Taiwan,27,0
4/16/2003,France,5,0
4/16/2003,Germany,6,0
4/16/2003,Indonesia,1,0
4/16/2003,Italy,3,0
4/16/2003,Japan,1,0
4/16/2003,Kuwait,1,0
4/16/2003,Malaysia,5,1
4/16/2003,Philippines,1,0
4/16/2003,Republic of Ireland,1,0
4/16/2003,Romania,1,0
4/16/2003,Singapore,162,13
4/16/2003,South Africa,1,0
4/16/2003,Spain,1,0
4/16/2003,Sweden,1,0
4/16/2003,Switzerland,1,0
4/16/2003,Thailand,8,2
4/16/2003,United Kingdom,6,0
4/16/2003,United States,193,0
4/16/2003,Viet Nam,63,5
4/16/2003,Total,3293,159
4/17/2003,Australia,3,0
4/17/2003,Brazil,2,0
4/17/2003,Canada,126,12
4/17/2003,China,1457,65
4/17/2003,Hong Kong,1297,65
4/17/2003,Taiwan,27,0
4/17/2003,France,5,0
4/17/2003,Germany,6,0
4/17/2003,India,1,0
4/17/2003,Indonesia,1,0
4/17/2003,Italy,3,0
4/17/2003,Japan,2,0
4/17/2003,Kuwait,1,0
4/17/2003,Malaysia,5,1
4/17/2003,Mongolia,3,0
4/17/2003,Philippines,1,0
4/17/2003,Republic of Ireland,1,0
4/17/2003,Romania,1,0
4/17/2003,Singapore,167,15
4/17/2003,South Africa,1,0
4/17/2003,Spain,1,0
4/17/2003,Sweden,1,0
4/17/2003,Switzerland,1,0
4/17/2003,Thailand,8,2
4/17/2003,United Kingdom,6,0
4/17/2003,United States,199,0
4/17/2003,Viet Nam,63,5
4/17/2003,Total,3389,165
4/18/2003,Australia,3,0
4/18/2003,Brazil,2,0
4/18/2003,Canada,132,12
4/18/2003,China,1512,65
4/18/2003,Hong Kong,1358,81
4/18/2003,Taiwan,29,0
4/18/2003,France,5,0
4/18/2003,Germany,6,0
4/18/2003,India,1,0
4/18/2003,Indonesia,1,0
4/18/2003,Italy,3,0
4/18/2003,Japan,4,0
4/18/2003,Kuwait,1,0
4/18/2003,Malaysia,5,1
4/18/2003,Mongolia,3,0
4/18/2003,Philippines,1,0
4/18/2003,Republic of Ireland,1,0
4/18/2003,Romania,1,0
4/18/2003,Singapore,177,16
4/18/2003,South Africa,1,0
4/18/2003,Spain,1,0
4/18/2003,Sweden,3,0
4/18/2003,Switzerland,1,0
4/18/2003,Thailand,7,2
4/18/2003,United Kingdom,6,0
4/18/2003,United States,220,0
4/18/2003,Viet Nam,63,5
4/18/2003,Total,3547,182
4/19/2003,Australia,3,0
4/19/2003,Brazil,2,0
4/19/2003,Canada,132,12
4/19/2003,China,1512,65
4/19/2003,Hong Kong,1358,81
4/19/2003,Taiwan,29,0
4/19/2003,France,5,0
4/19/2003,Germany,6,0
4/19/2003,India,1,0
4/19/2003,Indonesia,1,0
4/19/2003,Italy,3,0
4/19/2003,Japan,4,0
4/19/2003,Kuwait,1,0
4/19/2003,Malaysia,5,1
4/19/2003,Mongolia,3,0
4/19/2003,Philippines,1,0
4/19/2003,Republic of Ireland,1,0
4/19/2003,Romania,1,0
4/19/2003,Singapore,177,16
4/19/2003,South Africa,1,0
4/19/2003,Spain,1,0
4/19/2003,Sweden,3,0
4/19/2003,Switzerland,1,0
4/19/2003,Thailand,7,2
4/19/2003,United Kingdom,6,0
4/19/2003,United States,220,0
4/19/2003,Viet Nam,63,5
4/19/2003,Total,3547,182
4/21/2003,Australia,3,0
4/21/2003,Brazil,2,0
4/21/2003,Canada,132,12
4/21/2003,China,1959,86
4/21/2003,Hong Kong,1402,94
4/21/2003,Taiwan,29,0
4/21/2003,France,5,0
4/21/2003,Germany,6,0
4/21/2003,India,1,0
4/21/2003,Indonesia,1,0
4/21/2003,Italy,3,0
4/21/2003,Japan,5,0
4/21/2003,Kuwait,1,0
4/21/2003,Malaysia,6,1
4/21/2003,Mongolia,3,0
4/21/2003,Philippines,2,1
4/21/2003,Republic of Ireland,1,0
4/21/2003,Romania,1,0
4/21/2003,Singapore,178,16
4/21/2003,South Africa,1,0
4/21/2003,Spain,1,0
4/21/2003,Sweden,3,0
4/21/2003,Switzerland,1,0
4/21/2003,Thailand,7,2
4/21/2003,United Kingdom,6,0
4/21/2003,United States,39,0
4/21/2003,Viet Nam,63,5
4/21/2003,Total,3861,217
4/22/2003,Australia,3,0
4/22/2003,Brazil,2,0
4/22/2003,Canada,139,13
4/22/2003,China,2001,92
4/22/2003,Hong Kong,1434,99
4/22/2003,Taiwan,29,0
4/22/2003,France,5,0
4/22/2003,Germany,7,0
4/22/2003,India,1,0
4/22/2003,Indonesia,1,0
4/22/2003,Italy,3,0
4/22/2003,Japan,2,0
4/22/2003,Kuwait,1,0
4/22/2003,Malaysia,6,1
4/22/2003,Mongolia,3,0
4/22/2003,Philippines,2,1
4/22/2003,Republic of Ireland,1,0
4/22/2003,Romania,1,0
4/22/2003,Singapore,186,16
4/22/2003,South Africa,1,0
4/22/2003,Spain,1,0
4/22/2003,Sweden,3,0
4/22/2003,Switzerland,1,0
4/22/2003,Thailand,7,2
4/22/2003,United Kingdom,6,0
4/22/2003,United States,38,0
4/22/2003,Viet Nam,63,5
4/22/2003,Total,3947,229
4/23/2003,Australia,4,0
4/23/2003,Brazil,2,0
4/23/2003,Canada,140,13
4/23/2003,China,2305,106
4/23/2003,Hong Kong,1458,105
4/23/2003,Taiwan,37,0
4/23/2003,France,5,0
4/23/2003,Germany,7,0
4/23/2003,India,1,0
4/23/2003,Indonesia,1,0
4/23/2003,Italy,3,0
4/23/2003,Japan,2,0
4/23/2003,Kuwait,1,0
4/23/2003,Malaysia,5,2
4/23/2003,Mongolia,3,0
4/23/2003,Philippines,2,1
4/23/2003,Republic of Ireland,1,0
4/23/2003,Romania,1,0
4/23/2003,Singapore,189,17
4/23/2003,South Africa,1,0
4/23/2003,Spain,1,0
4/23/2003,Sweden,3,0
4/23/2003,Switzerland,1,0
4/23/2003,Thailand,7,2
4/23/2003,United Kingdom,6,0
4/23/2003,United States,39,0
4/23/2003,Viet Nam,63,5
4/23/2003,Total,4288,251
4/24/2003,Australia,4,0
4/24/2003,Brazil,2,0
4/24/2003,Bulgaria,1,0
4/24/2003,Canada,140,15
4/24/2003,China,2422,110
4/24/2003,Hong Kong,1488,109
4/24/2003,Taiwan,37,0
4/24/2003,France,5,0
4/24/2003,Germany,7,0
4/24/2003,India,1,0
4/24/2003,Indonesia,1,0
4/24/2003,Italy,4,0
4/24/2003,Japan,2,0
4/24/2003,Kuwait,1,0
4/24/2003,Malaysia,5,2
4/24/2003,Mongolia,3,0
4/24/2003,Philippines,2,1
4/24/2003,Republic of Ireland,1,0
4/24/2003,Romania,1,0
4/24/2003,Singapore,192,19
4/24/2003,South Africa,1,0
4/24/2003,Spain,1,0
4/24/2003,Sweden,3,0
4/24/2003,Switzerland,1,0
4/24/2003,Thailand,8,2
4/24/2003,United Kingdom,6,0
4/24/2003,United States,37,0
4/24/2003,Viet Nam,63,5
4/24/2003,Total,4439,263
4/25/2003,Australia,4,0
4/25/2003,Brazil,2,0
4/25/2003,Bulgaria,1,0
4/25/2003,Canada,140,15
4/25/2003,China,2601,115
4/25/2003,Hong Kong,1510,115
4/25/2003,Taiwan,41,0
4/25/2003,France,5,0
4/25/2003,Germany,7,0
4/25/2003,India,1,0
4/25/2003,Indonesia,1,0
4/25/2003,Italy,4,0
4/25/2003,Japan,2,0
4/25/2003,Kuwait,1,0
4/25/2003,Malaysia,5,2
4/25/2003,Mongolia,3,0
4/25/2003,Philippines,2,1
4/25/2003,Republic of Ireland,1,0
4/25/2003,Romania,1,0
4/25/2003,Singapore,195,19
4/25/2003,South Africa,1,0
4/25/2003,Spain,1,0
4/25/2003,Sweden,3,0
4/25/2003,Switzerland,1,0
4/25/2003,Thailand,8,2
4/25/2003,United Kingdom,6,0
4/25/2003,United States,39,0
4/25/2003,Viet Nam,63,5
4/25/2003,Total,4649,274
4/26/2003,Australia,4,0
4/26/2003,Brazil,2,0
4/26/2003,Bulgaria,1,0
4/26/2003,Canada,142,18
4/26/2003,China,2753,122
4/26/2003,Hong Kong,1527,121
4/26/2003,Taiwan,49,0
4/26/2003,France,5,0
4/26/2003,Germany,7,0
4/26/2003,India,1,0
4/26/2003,Indonesia,1,0
4/26/2003,Italy,4,0
4/26/2003,Japan,2,0
4/26/2003,Kuwait,1,0
4/26/2003,Malaysia,5,2
4/26/2003,Mongolia,5,0
4/26/2003,Philippines,4,2
4/26/2003,Republic of Ireland,1,0
4/26/2003,Romania,1,0
4/26/2003,Singapore,198,21
4/26/2003,South Africa,1,0
4/26/2003,Spain,1,0
4/26/2003,Sweden,3,0
4/26/2003,Switzerland,1,0
4/26/2003,Thailand,7,2
4/26/2003,United Kingdom,6,0
4/26/2003,United States,41,0
4/26/2003,Viet Nam,63,5
4/26/2003,Total,4836,293
4/28/2003,Australia,4,0
4/28/2003,Brazil,2,0
4/28/2003,Bulgaria,1,0
4/28/2003,Canada,142,18
4/28/2003,China,2914,131
4/28/2003,Hong Kong,1557,138
4/28/2003,Taiwan,66,0
4/28/2003,France,5,0
4/28/2003,Germany,7,0
4/28/2003,India,1,0
4/28/2003,Indonesia,1,0
4/28/2003,Italy,8,0
4/28/2003,Japan,2,0
4/28/2003,Kuwait,1,0
4/28/2003,Malaysia,6,2
4/28/2003,Mongolia,5,0
4/28/2003,Philippines,4,2
4/28/2003,Republic of Ireland,1,0
4/28/2003,Romania,1,0
4/28/2003,Singapore,199,23
4/28/2003,South Africa,1,0
4/28/2003,Spain,1,0
4/28/2003,Sweden,3,0
4/28/2003,Switzerland,1,0
4/28/2003,Thailand,7,2
4/28/2003,United Kingdom,6,0
4/28/2003,United States,41,0
4/28/2003,Viet Nam,63,5
4/28/2003,Total,5050,321
4/29/2003,Australia,4,0
4/29/2003,Brazil,2,0
4/29/2003,Bulgaria,1,0
4/29/2003,Canada,146,20
4/29/2003,China,3303,148
4/29/2003,Hong Kong,1572,150
4/29/2003,Taiwan,66,0
4/29/2003,France,5,0
4/29/2003,Germany,7,0
4/29/2003,India,1,0
4/29/2003,Indonesia,1,0
4/29/2003,Italy,9,0
4/29/2003,Japan,2,0
4/29/2003,Kuwait,1,0
4/29/2003,Malaysia,6,2
4/29/2003,Mongolia,5,0
4/29/2003,Philippines,4,2
4/29/2003,Republic of Ireland,1,0
4/29/2003,Republic of Korea,1,0
4/29/2003,Romania,1,0
4/29/2003,Singapore,201,24
4/29/2003,South Africa,1,0
4/29/2003,Spain,1,0
4/29/2003,Sweden,3,0
4/29/2003,Switzerland,1,0
4/29/2003,Thailand,7,2
4/29/2003,United Kingdom,6,0
4/29/2003,United States,41,0
4/29/2003,Viet Nam,63,5
4/29/2003,Total,5462,353
4/30/2003,Australia,4,0
4/30/2003,Brazil,2,0
4/30/2003,Bulgaria,1,0
4/30/2003,Canada,148,20
4/30/2003,China,3460,159
4/30/2003,Hong Kong,1589,157
4/30/2003,China,1,0
4/30/2003,Taiwan,78,1
4/30/2003,France,5,0
4/30/2003,Germany,7,0
4/30/2003,Indonesia,2,0
4/30/2003,Italy,9,0
4/30/2003,Japan,2,0
4/30/2003,Kuwait,1,0
4/30/2003,Malaysia,6,2
4/30/2003,Mongolia,6,0
4/30/2003,Philippines,4,2
4/30/2003,Republic of Ireland,1,0
4/30/2003,Republic of Korea,1,0
4/30/2003,Romania,1,0
4/30/2003,Singapore,201,24
4/30/2003,South Africa,1,0
4/30/2003,Spain,1,0
4/30/2003,Sweden,3,0
4/30/2003,Switzerland,1,0
4/30/2003,Thailand,7,2
4/30/2003,United Kingdom,6,0
4/30/2003,United States,52,0
4/30/2003,Viet Nam,63,5
4/30/2003,Total,5663,372
5/1/2003,Australia,4,0
5/1/2003,Brazil,2,0
5/1/2003,Bulgaria,1,0
5/1/2003,Canada,147,20
5/1/2003,China,3638,170
5/1/2003,Hong Kong,1600,162
5/1/2003,China,1,0
5/1/2003,Taiwan,89,3
5/1/2003,France,5,0
5/1/2003,Germany,7,0
5/1/2003,Indonesia,2,0
5/1/2003,Italy,9,0
5/1/2003,Japan,2,0
5/1/2003,Kuwait,1,0
5/1/2003,Malaysia,6,2
5/1/2003,Mongolia,6,0
5/1/2003,Philippines,4,2
5/1/2003,Poland,1,0
5/1/2003,Republic of Ireland,1,0
5/1/2003,Republic of Korea,1,0
5/1/2003,Romania,1,0
5/1/2003,Singapore,201,25
5/1/2003,South Africa,1,0
5/1/2003,Spain,1,0
5/1/2003,Sweden,3,0
5/1/2003,Switzerland,1,0
5/1/2003,Thailand,7,2
5/1/2003,United Kingdom,6,0
5/1/2003,United States,54,0
5/1/2003,Viet Nam,63,5
5/1/2003,Total,5865,391
5/2/2003,Australia,4,0
5/2/2003,Brazil,2,0
5/2/2003,Bulgaria,1,0
5/2/2003,Canada,149,22
5/2/2003,China,3799,181
5/2/2003,Hong Kong,1611,170
5/2/2003,China,1,0
5/2/2003,Taiwan,100,8
5/2/2003,France,5,0
5/2/2003,Germany,7,0
5/2/2003,Indonesia,2,0
5/2/2003,Italy,9,0
5/2/2003,Kuwait,1,0
5/2/2003,Malaysia,6,2
5/2/2003,Mongolia,8,0
5/2/2003,New Zealand,1,0
5/2/2003,Philippines,3,2
5/2/2003,Poland,1,0
5/2/2003,Republic of Ireland,1,0
5/2/2003,Republic of Korea,1,0
5/2/2003,Romania,1,0
5/2/2003,Singapore,203,25
5/2/2003,South Africa,1,0
5/2/2003,Spain,1,0
5/2/2003,Sweden,3,0
5/2/2003,Switzerland,1,0
5/2/2003,Thailand,7,2
5/2/2003,United Kingdom,6,0
5/2/2003,United States,56,0
5/2/2003,Viet Nam,63,5
5/2/2003,Total,6054,417
5/3/2003,Australia,4,0
5/3/2003,Brazil,2,0
5/3/2003,Bulgaria,1,0
5/3/2003,Canada,149,22
5/3/2003,China,3971,190
5/3/2003,Hong Kong,1621,179
5/3/2003,China,1,0
5/3/2003,Taiwan,100,8
5/3/2003,France,5,0
5/3/2003,Germany,7,0
5/3/2003,Indonesia,2,0
5/3/2003,Italy,9,0
5/3/2003,Kuwait,1,0
5/3/2003,Malaysia,6,2
5/3/2003,Mongolia,8,0
5/3/2003,New Zealand,1,0
5/3/2003,Philippines,3,2
5/3/2003,Poland,1,0
5/3/2003,Republic of Ireland,1,0
5/3/2003,Republic of Korea,1,0
5/3/2003,Romania,1,0
5/3/2003,Singapore,203,25
5/3/2003,South Africa,1,0
5/3/2003,Spain,1,0
5/3/2003,Sweden,3,0
5/3/2003,Switzerland,1,0
5/3/2003,Thailand,7,2
5/3/2003,United Kingdom,6,0
5/3/2003,United States,54,0
5/3/2003,Viet Nam,63,5
5/3/2003,Total,6234,435
5/4/2003,Australia,6,0
5/4/2003,Brazil,2,0
5/4/2003,Bulgaria,1,0
5/4/2003,Canada,143,23
5/4/2003,China,5124,267
5/4/2003,Hong Kong,1698,227
5/4/2003,China,1,0
5/4/2003,Taiwan,238,30
5/4/2003,Colombia,1,0
5/4/2003,Finland,1,0
5/4/2003,France,7,0
5/4/2003,Germany,9,0
5/4/2003,India,3,0
5/4/2003,Indonesia,2,0
5/4/2003,Italy,9,0
5/4/2003,Kuwait,1,0
5/4/2003,Malaysia,7,2
5/4/2003,Mongolia,9,0
5/4/2003,New Zealand,1,0
5/4/2003,Philippines,10,2
5/4/2003,Republic of Ireland,1,0
5/4/2003,Republic of Korea,3,0
5/4/2003,Romania,1,0
5/4/2003,Singapore,205,28
5/4/2003,South Africa,1,1
5/4/2003,Spain,1,0
5/4/2003,Sweden,3,0
5/4/2003,Switzerland,1,0
5/4/2003,Thailand,8,2
5/4/2003,United Kingdom,4,0
5/4/2003,United States,64,0
5/4/2003,Viet Nam,63,5
5/4/2003,Total,7628,587
5/5/2003,Australia,4,0
5/5/2003,Brazil,2,0
5/5/2003,Bulgaria,1,0
5/5/2003,Canada,148,22
5/5/2003,China,4280,206
5/5/2003,Hong Kong,1637,187
5/5/2003,China,1,0
5/5/2003,Taiwan,116,8
5/5/2003,France,5,0
5/5/2003,Germany,7,0
5/5/2003,Indonesia,2,0
5/5/2003,Italy,9,0
5/5/2003,Kuwait,1,0
5/5/2003,Malaysia,7,2
5/5/2003,Mongolia,8,0
5/5/2003,New Zealand,1,0
5/5/2003,Philippines,3,2
5/5/2003,Poland,1,0
5/5/2003,Republic of Ireland,1,0
5/5/2003,Republic of Korea,1,0
5/5/2003,Romania,1,0
5/5/2003,Singapore,204,26
5/5/2003,South Africa,1,1
5/5/2003,Spain,1,0
5/5/2003,Sweden,3,0
5/5/2003,Switzerland,1,0
5/5/2003,Thailand,7,2
5/5/2003,United Kingdom,6,0
5/5/2003,United States,61,0
5/5/2003,Viet Nam,63,5
5/5/2003,Total,6583,461
5/6/2003,Australia,4,0
5/6/2003,Brazil,2,0
5/6/2003,Bulgaria,1,0
5/6/2003,Canada,148,22
5/6/2003,China,4409,214
5/6/2003,Hong Kong,1646,193
5/6/2003,China,1,0
5/6/2003,Taiwan,116,10
5/6/2003,Colombia,1,0
5/6/2003,France,5,0
5/6/2003,Germany,7,0
5/6/2003,India,1,0
5/6/2003,Indonesia,2,0
5/6/2003,Italy,9,0
5/6/2003,Kuwait,1,0
5/6/2003,Malaysia,7,2
5/6/2003,Mongolia,8,0
5/6/2003,New Zealand,1,0
5/6/2003,Philippines,3,2
5/6/2003,Poland,1,0
5/6/2003,Republic of Ireland,1,0
5/6/2003,Republic of Korea,1,0
5/6/2003,Romania,1,0
5/6/2003,Singapore,204,27
5/6/2003,South Africa,1,1
5/6/2003,Spain,1,0
5/6/2003,Sweden,3,0
5/6/2003,Switzerland,1,0
5/6/2003,Thailand,7,2
5/6/2003,United Kingdom,6,0
5/6/2003,United States,65,0
5/6/2003,Viet Nam,63,5
5/6/2003,Total,6727,478
5/7/2003,Australia,4,0
5/7/2003,Brazil,2,0
5/7/2003,Bulgaria,1,0
5/7/2003,Canada,146,22
5/7/2003,China,4560,219
5/7/2003,Hong Kong,1654,204
5/7/2003,China,1,0
5/7/2003,Taiwan,125,11
5/7/2003,Colombia,1,0
5/7/2003,France,6,0
5/7/2003,Germany,8,0
5/7/2003,India,1,0
5/7/2003,Indonesia,2,0
5/7/2003,Italy,9,0
5/7/2003,Kuwait,1,0
5/7/2003,Malaysia,7,2
5/7/2003,Mongolia,9,0
5/7/2003,New Zealand,1,0
5/7/2003,Philippines,10,2
5/7/2003,Poland,1,0
5/7/2003,Republic of Ireland,1,0
5/7/2003,Republic of Korea,1,0
5/7/2003,Romania,1,0
5/7/2003,Singapore,204,27
5/7/2003,South Africa,1,1
5/7/2003,Spain,1,0
5/7/2003,Sweden,3,0
5/7/2003,Switzerland,1,0
5/7/2003,Thailand,7,2
5/7/2003,United Kingdom,6,0
5/7/2003,United States,65,0
5/7/2003,Viet Nam,63,5
5/7/2003,Total,6903,495
5/8/2003,Australia,4,0
5/8/2003,Brazil,2,0
5/8/2003,Bulgaria,1,0
5/8/2003,Canada,146,22
5/8/2003,China,4698,224
5/8/2003,Hong Kong,1661,208
5/8/2003,China,1,0
5/8/2003,Taiwan,131,13
5/8/2003,Colombia,1,0
5/8/2003,Finland,1,0
5/8/2003,France,6,0
5/8/2003,Germany,8,0
5/8/2003,India,1,0
5/8/2003,Indonesia,2,0
5/8/2003,Italy,9,0
5/8/2003,Kuwait,1,0
5/8/2003,Malaysia,7,2
5/8/2003,Mongolia,9,0
5/8/2003,New Zealand,1,0
5/8/2003,Philippines,10,2
5/8/2003,Poland,1,0
5/8/2003,Republic of Ireland,1,0
5/8/2003,Republic of Korea,1,0
5/8/2003,Romania,1,0
5/8/2003,Singapore,204,27
5/8/2003,South Africa,1,1
5/8/2003,Spain,1,0
5/8/2003,Sweden,3,0
5/8/2003,Switzerland,1,0
5/8/2003,Thailand,7,2
5/8/2003,United Kingdom,6,0
5/8/2003,United States,63,0
5/8/2003,Viet Nam,63,5
5/8/2003,Total,7053,506
5/9/2003,Australia,4,0
5/9/2003,Brazil,2,0
5/9/2003,Bulgaria,1,0
5/9/2003,Canada,145,22
5/9/2003,China,4805,230
5/9/2003,Hong Kong,1667,210
5/9/2003,China,1,0
5/9/2003,Taiwan,149,13
5/9/2003,Colombia,1,0
5/9/2003,Finland,1,0
5/9/2003,France,6,0
5/9/2003,Germany,9,0
5/9/2003,India,1,0
5/9/2003,Indonesia,2,0
5/9/2003,Italy,9,0
5/9/2003,Kuwait,1,0
5/9/2003,Malaysia,6,2
5/9/2003,Mongolia,9,0
5/9/2003,New Zealand,1,0
5/9/2003,Philippines,10,2
5/9/2003,Poland,1,0
5/9/2003,Republic of Ireland,1,0
5/9/2003,Republic of Korea,1,0
5/9/2003,Romania,1,0
5/9/2003,Singapore,204,27
5/9/2003,South Africa,1,1
5/9/2003,Spain,1,0
5/9/2003,Sweden,3,0
5/9/2003,Switzerland,1,0
5/9/2003,Thailand,7,2
5/9/2003,United Kingdom,6,0
5/9/2003,United States,63,0
5/9/2003,Viet Nam,63,5
5/9/2003,Total,7183,514
5/10/2003,Australia,4,0
5/10/2003,Brazil,2,0
5/10/2003,Bulgaria,1,0
5/10/2003,Canada,145,22
5/10/2003,China,4884,235
5/10/2003,Hong Kong,1674,212
5/10/2003,China,1,0
5/10/2003,Taiwan,172,18
5/10/2003,Colombia,1,0
5/10/2003,Finland,1,0
5/10/2003,France,7,0
5/10/2003,Germany,9,0
5/10/2003,India,1,0
5/10/2003,Indonesia,2,0
5/10/2003,Italy,9,0
5/10/2003,Kuwait,1,0
5/10/2003,Malaysia,7,2
5/10/2003,Mongolia,9,0
5/10/2003,New Zealand,1,0
5/10/2003,Philippines,10,2
5/10/2003,Poland,1,0
5/10/2003,Republic of Ireland,1,0
5/10/2003,Republic of Korea,1,0
5/10/2003,Romania,1,0
5/10/2003,Singapore,205,27
5/10/2003,South Africa,1,1
5/10/2003,Spain,1,0
5/10/2003,Sweden,3,0
5/10/2003,Switzerland,1,0
5/10/2003,Thailand,7,2
5/10/2003,United Kingdom,6,0
5/10/2003,United States,64,0
5/10/2003,Viet Nam,63,5
5/10/2003,Total,7296,526
5/12/2003,Australia,6,0
5/12/2003,Brazil,2,0
5/12/2003,Bulgaria,1,0
5/12/2003,Canada,143,22
5/12/2003,China,5013,252
5/12/2003,Hong Kong,1683,218
5/12/2003,China,1,0
5/12/2003,Taiwan,184,20
5/12/2003,Colombia,1,0
5/12/2003,Finland,1,0
5/12/2003,France,7,0
5/12/2003,Germany,9,0
5/12/2003,India,1,0
5/12/2003,Indonesia,2,0
5/12/2003,Italy,9,0
5/12/2003,Kuwait,1,0
5/12/2003,Malaysia,7,2
5/12/2003,Mongolia,9,0
5/12/2003,New Zealand,1,0
5/12/2003,Philippines,10,2
5/12/2003,Poland,1,0
5/12/2003,Republic of Ireland,1,0
5/12/2003,Republic of Korea,2,0
5/12/2003,Romania,1,0
5/12/2003,Singapore,205,28
5/12/2003,South Africa,1,1
5/12/2003,Spain,1,0
5/12/2003,Sweden,3,0
5/12/2003,Switzerland,1,0
5/12/2003,Thailand,7,2
5/12/2003,United Kingdom,6,0
5/12/2003,United States,64,0
5/12/2003,Viet Nam,63,5
5/12/2003,Total,7447,552
5/13/2003,Australia,6,0
5/13/2003,Brazil,2,0
5/13/2003,Bulgaria,1,0
5/13/2003,Canada,143,22
5/13/2003,China,5086,262
5/13/2003,Hong Kong,1689,225
5/13/2003,China,1,0
5/13/2003,Taiwan,207,24
5/13/2003,Colombia,1,0
5/13/2003,Finland,1,0
5/13/2003,France,7,0
5/13/2003,Germany,9,0
5/13/2003,India,3,0
5/13/2003,Indonesia,2,0
5/13/2003,Italy,9,0
5/13/2003,Kuwait,1,0
5/13/2003,Malaysia,7,2
5/13/2003,Mongolia,9,0
5/13/2003,New Zealand,1,0
5/13/2003,Philippines,10,2
5/13/2003,Republic of Ireland,1,0
5/13/2003,Republic of Korea,2,0
5/13/2003,Romania,1,0
5/13/2003,Singapore,205,28
5/13/2003,South Africa,1,1
5/13/2003,Spain,1,0
5/13/2003,Sweden,3,0
5/13/2003,Switzerland,1,0
5/13/2003,Thailand,7,2
5/13/2003,United Kingdom,4,0
5/13/2003,United States,64,0
5/13/2003,Viet Nam,63,5
5/13/2003,Total,7548,573
5/14/2003,Australia,6,0
5/14/2003,Brazil,2,0
5/14/2003,Bulgaria,1,0
5/14/2003,Canada,143,23
5/14/2003,China,5124,267
5/14/2003,Hong Kong,1698,227
5/14/2003,China,1,0
5/14/2003,Taiwan,238,30
5/14/2003,Colombia,1,0
5/14/2003,Finland,1,0
5/14/2003,France,7,0
5/14/2003,Germany,9,0
5/14/2003,India,3,0
5/14/2003,Indonesia,2,0
5/14/2003,Italy,9,0
5/14/2003,Kuwait,1,0
5/14/2003,Malaysia,7,2
5/14/2003,Mongolia,9,0
5/14/2003,New Zealand,1,0
5/14/2003,Philippines,10,2
5/14/2003,Republic of Ireland,1,0
5/14/2003,Republic of Korea,3,0
5/14/2003,Romania,1,0
5/14/2003,Singapore,205,28
5/14/2003,South Africa,1,1
5/14/2003,Spain,1,0
5/14/2003,Sweden,3,0
5/14/2003,Switzerland,1,0
5/14/2003,Thailand,8,2
5/14/2003,United Kingdom,4,0
5/14/2003,United States,64,0
5/14/2003,Viet Nam,63,5
5/14/2003,Total,7628,587
5/15/2003,Australia,6,0
5/15/2003,Brazil,2,0
5/15/2003,Bulgaria,1,0
5/15/2003,Canada,142,23
5/15/2003,China,5163,271
5/15/2003,Hong Kong,1703,234
5/15/2003,China,1,0
5/15/2003,Taiwan,264,30
5/15/2003,Colombia,1,0
5/15/2003,Finland,1,0
5/15/2003,France,7,0
5/15/2003,Germany,9,0
5/15/2003,India,3,0
5/15/2003,Indonesia,2,0
5/15/2003,Italy,9,0
5/15/2003,Kuwait,1,0
5/15/2003,Malaysia,7,2
5/15/2003,Mongolia,9,0
5/15/2003,New Zealand,1,0
5/15/2003,Philippines,12,2
5/15/2003,Republic of Ireland,1,0
5/15/2003,Republic of Korea,3,0
5/15/2003,Romania,1,0
5/15/2003,Singapore,205,28
5/15/2003,South Africa,1,1
5/15/2003,Spain,1,0
5/15/2003,Sweden,3,0
5/15/2003,Switzerland,1,0
5/15/2003,Thailand,8,2
5/15/2003,United Kingdom,4,0
5/15/2003,United States,64,0
5/15/2003,Viet Nam,63,5
5/15/2003,Total,7699,598
5/16/2003,Australia,6,0
5/16/2003,Brazil,2,0
5/16/2003,Bulgaria,1,0
5/16/2003,Canada,140,23
5/16/2003,China,5191,275
5/16/2003,Hong Kong,1706,238
5/16/2003,China,1,0
5/16/2003,Taiwan,274,35
5/16/2003,Colombia,1,0
5/16/2003,Finland,1,0
5/16/2003,France,7,0
5/16/2003,Germany,9,0
5/16/2003,India,3,0
5/16/2003,Indonesia,2,0
5/16/2003,Italy,9,0
5/16/2003,Kuwait,1,0
5/16/2003,Malaysia,7,2
5/16/2003,Mongolia,9,0
5/16/2003,New Zealand,1,0
5/16/2003,Philippines,12,2
5/16/2003,Republic of Ireland,1,0
5/16/2003,Republic of Korea,3,0
5/16/2003,Romania,1,0
5/16/2003,Singapore,205,28
5/16/2003,South Africa,1,1
5/16/2003,Spain,1,0
5/16/2003,Sweden,3,0
5/16/2003,Switzerland,1,0
5/16/2003,Thailand,8,2
5/16/2003,United Kingdom,4,0
5/16/2003,United States,65,0
5/16/2003,Viet Nam,63,5
5/16/2003,Total,7739,611
5/17/2003,Australia,6,0
5/17/2003,Brazil,2,0
5/17/2003,Canada,140,23
5/17/2003,China,5209,282
5/17/2003,Hong Kong,1710,243
5/17/2003,China,1,0
5/17/2003,Taiwan,274,35
5/17/2003,Colombia,1,0
5/17/2003,Finland,1,0
5/17/2003,France,7,0
5/17/2003,Germany,9,0
5/17/2003,India,3,0
5/17/2003,Indonesia,2,0
5/17/2003,Italy,9,0
5/17/2003,Kuwait,1,0
5/17/2003,Malaysia,7,2
5/17/2003,Mongolia,9,0
5/17/2003,New Zealand,1,0
5/17/2003,Philippines,12,2
5/17/2003,Republic of Ireland,1,0
5/17/2003,Republic of Korea,3,0
5/17/2003,Romania,1,0
5/17/2003,Singapore,205,28
5/17/2003,South Africa,1,1
5/17/2003,Spain,1,0
5/17/2003,Sweden,3,0
5/17/2003,Switzerland,1,0
5/17/2003,Thailand,8,2
5/17/2003,United Kingdom,4,0
5/17/2003,United States,66,0
5/17/2003,Viet Nam,63,5
5/17/2003,Total,7761,623
5/19/2003,Australia,6,0
5/19/2003,Brazil,2,0
5/19/2003,Canada,140,23
5/19/2003,China,5236,289
5/19/2003,Hong Kong,1714,251
5/19/2003,China,1,0
5/19/2003,Taiwan,344,40
5/19/2003,Colombia,1,0
5/19/2003,Finland,1,0
5/19/2003,France,7,0
5/19/2003,Germany,9,0
5/19/2003,India,3,0
5/19/2003,Indonesia,2,0
5/19/2003,Italy,9,0
5/19/2003,Kuwait,1,0
5/19/2003,Malaysia,7,2
5/19/2003,Mongolia,9,0
5/19/2003,New Zealand,1,0
5/19/2003,Philippines,12,2
5/19/2003,Republic of Ireland,1,0
5/19/2003,Republic of Korea,3,0
5/19/2003,Romania,1,0
5/19/2003,Singapore,206,28
5/19/2003,South Africa,1,1
5/19/2003,Spain,1,0
5/19/2003,Sweden,3,0
5/19/2003,Switzerland,1,0
5/19/2003,Thailand,8,2
5/19/2003,United Kingdom,4,0
5/19/2003,United States,67,0
5/19/2003,Viet Nam,63,5
5/19/2003,Total,7864,643
5/20/2003,Australia,6,0
5/20/2003,Brazil,2,0
5/20/2003,Canada,140,23
5/20/2003,China,5248,294
5/20/2003,Hong Kong,1718,253
5/20/2003,China,1,0
5/20/2003,Taiwan,383,52
5/20/2003,Colombia,1,0
5/20/2003,Finland,1,0
5/20/2003,France,7,0
5/20/2003,Germany,9,0
5/20/2003,India,3,0
5/20/2003,Indonesia,2,0
5/20/2003,Italy,9,0
5/20/2003,Kuwait,1,0
5/20/2003,Malaysia,7,2
5/20/2003,Mongolia,9,0
5/20/2003,New Zealand,1,0
5/20/2003,Philippines,12,2
5/20/2003,Republic of Ireland,1,0
5/20/2003,Republic of Korea,3,0
5/20/2003,Romania,1,0
5/20/2003,Singapore,206,28
5/20/2003,South Africa,1,1
5/20/2003,Spain,1,0
5/20/2003,Sweden,3,0
5/20/2003,Switzerland,1,0
5/20/2003,Thailand,8,2
5/20/2003,United Kingdom,4,0
5/20/2003,United States,67,0
5/20/2003,Viet Nam,63,5
5/20/2003,Total,7919,662
5/21/2003,Australia,6,0
5/21/2003,Brazil,2,0
5/21/2003,Canada,140,23
5/21/2003,China,5249,296
5/21/2003,Hong Kong,1719,255
5/21/2003,China,1,0
5/21/2003,Taiwan,418,52
5/21/2003,Colombia,1,0
5/21/2003,Finland,1,0
5/21/2003,France,7,0
5/21/2003,Germany,9,0
5/21/2003,India,3,0
5/21/2003,Indonesia,2,0
5/21/2003,Italy,9,0
5/21/2003,Kuwait,1,0
5/21/2003,Malaysia,8,2
5/21/2003,Mongolia,9,0
5/21/2003,New Zealand,1,0
5/21/2003,Philippines,12,2
5/21/2003,Republic of Ireland,1,0
5/21/2003,Republic of Korea,3,0
5/21/2003,Romania,1,0
5/21/2003,Singapore,206,28
5/21/2003,South Africa,1,1
5/21/2003,Spain,1,0
5/21/2003,Sweden,3,0
5/21/2003,Switzerland,1,0
5/21/2003,Thailand,8,2
5/21/2003,United Kingdom,4,0
5/21/2003,United States,66,0
5/21/2003,Viet Nam,63,5
5/21/2003,Total,7956,666
5/22/2003,Australia,6,0
5/22/2003,Brazil,2,0
5/22/2003,Canada,140,23
5/22/2003,China,5271,300
5/22/2003,Hong Kong,1722,258
5/22/2003,China,2,0
5/22/2003,Taiwan,483,60
5/22/2003,Colombia,1,0
5/22/2003,Finland,1,0
5/22/2003,France,7,0
5/22/2003,Germany,9,0
5/22/2003,India,3,0
5/22/2003,Indonesia,2,0
5/22/2003,Italy,9,0
5/22/2003,Kuwait,1,0
5/22/2003,Malaysia,8,2
5/22/2003,Mongolia,9,0
5/22/2003,New Zealand,1,0
5/22/2003,Philippines,12,2
5/22/2003,Republic of Ireland,1,0
5/22/2003,Republic of Korea,3,0
5/22/2003,Romania,1,0
5/22/2003,Singapore,206,29
5/22/2003,South Africa,1,1
5/22/2003,Spain,1,0
5/22/2003,Sweden,3,0
5/22/2003,Switzerland,1,0
5/22/2003,Thailand,8,2
5/22/2003,United Kingdom,4,0
5/22/2003,United States,65,0
5/22/2003,Viet Nam,63,5
5/22/2003,Total,8046,682
5/23/2003,Australia,6,0
5/23/2003,Brazil,2,0
5/23/2003,Canada,140,23
5/23/2003,China,5285,303
5/23/2003,Hong Kong,1724,260
5/23/2003,China,2,0
5/23/2003,Taiwan,538,60
5/23/2003,Colombia,1,0
5/23/2003,Finland,1,0
5/23/2003,France,7,0
5/23/2003,Germany,9,0
5/23/2003,India,3,0
5/23/2003,Indonesia,2,0
5/23/2003,Italy,9,0
5/23/2003,Kuwait,1,0
5/23/2003,Malaysia,8,2
5/23/2003,Mongolia,9,0
5/23/2003,New Zealand,1,0
5/23/2003,Philippines,12,2
5/23/2003,Republic of Ireland,1,0
5/23/2003,Republic of Korea,3,0
5/23/2003,Romania,1,0
5/23/2003,Singapore,206,31
5/23/2003,South Africa,1,1
5/23/2003,Spain,1,0
5/23/2003,Sweden,3,0
5/23/2003,Switzerland,1,0
5/23/2003,Thailand,8,2
5/23/2003,United Kingdom,4,0
5/23/2003,United States,65,0
5/23/2003,Viet Nam,63,5
5/23/2003,Total,8117,689
5/24/2003,Australia,6,0
5/24/2003,Brazil,2,0
5/24/2003,Canada,140,23
5/24/2003,China,5309,308
5/24/2003,Hong Kong,1724,262
5/24/2003,China,2,0
5/24/2003,Taiwan,538,60
5/24/2003,Colombia,1,0
5/24/2003,Finland,1,0
5/24/2003,France,7,0
5/24/2003,Germany,9,0
5/24/2003,India,3,0
5/24/2003,Indonesia,2,0
5/24/2003,Italy,9,0
5/24/2003,Kuwait,1,0
5/24/2003,Malaysia,8,2
5/24/2003,Mongolia,9,0
5/24/2003,New Zealand,1,0
5/24/2003,Philippines,12,2
5/24/2003,Republic of Ireland,1,0
5/24/2003,Republic of Korea,3,0
5/24/2003,Romania,1,0
5/24/2003,Singapore,206,31
5/24/2003,South Africa,1,1
5/24/2003,Spain,1,0
5/24/2003,Sweden,3,0
5/24/2003,Switzerland,1,0
5/24/2003,Thailand,8,2
5/24/2003,United Kingdom,4,0
5/24/2003,United States,65,0
5/24/2003,Viet Nam,63,5
5/24/2003,Total,8141,696
5/26/2003,Australia,6,0
5/26/2003,Brazil,2,0
5/26/2003,Canada,148,26
5/26/2003,China,5316,317
5/26/2003,Hong Kong,1726,267
5/26/2003,China,2,0
5/26/2003,Taiwan,585,72
5/26/2003,Colombia,1,0
5/26/2003,Finland,1,0
5/26/2003,France,7,0
5/26/2003,Germany,9,0
5/26/2003,India,3,0
5/26/2003,Indonesia,2,0
5/26/2003,Italy,9,0
5/26/2003,Kuwait,1,0
5/26/2003,Malaysia,5,2
5/26/2003,Mongolia,9,0
5/26/2003,New Zealand,1,0
5/26/2003,Philippines,12,2
5/26/2003,Republic of Ireland,1,0
5/26/2003,Republic of Korea,3,0
5/26/2003,Romania,1,0
5/26/2003,Singapore,206,31
5/26/2003,South Africa,1,1
5/26/2003,Spain,1,0
5/26/2003,Sweden,3,0
5/26/2003,Switzerland,1,0
5/26/2003,Thailand,8,2
5/26/2003,United Kingdom,4,0
5/26/2003,United States,65,0
5/26/2003,Viet Nam,63,5
5/26/2003,Total,8202,725
5/27/2003,Australia,6,0
5/27/2003,Brazil,2,0
5/27/2003,Canada,148,26
5/27/2003,China,5322,321
5/27/2003,Hong Kong,1728,269
5/27/2003,China,2,0
5/27/2003,Taiwan,596,76
5/27/2003,Colombia,1,0
5/27/2003,Finland,1,0
5/27/2003,France,7,0
5/27/2003,Germany,9,0
5/27/2003,India,3,0
5/27/2003,Indonesia,2,0
5/27/2003,Italy,9,0
5/27/2003,Kuwait,1,0
5/27/2003,Malaysia,5,2
5/27/2003,Mongolia,9,0
5/27/2003,New Zealand,1,0
5/27/2003,Philippines,12,2
5/27/2003,Republic of Ireland,1,0
5/27/2003,Republic of Korea,3,0
5/27/2003,Romania,1,0
5/27/2003,Singapore,206,31
5/27/2003,South Africa,1,1
5/27/2003,Spain,1,0
5/27/2003,Sweden,3,0
5/27/2003,Switzerland,1,0
5/27/2003,Thailand,8,2
5/27/2003,United Kingdom,4,0
5/27/2003,United States,65,0
5/27/2003,Viet Nam,63,5
5/27/2003,Total,8221,735
5/28/2003,Australia,6,0
5/28/2003,Brazil,2,0
5/28/2003,Canada,149,26
5/28/2003,China,5323,325
5/28/2003,Hong Kong,1730,270
5/28/2003,China,2,0
5/28/2003,Taiwan,610,81
5/28/2003,Colombia,1,0
5/28/2003,Finland,1,0
5/28/2003,France,7,0
5/28/2003,Germany,9,0
5/28/2003,India,3,0
5/28/2003,Indonesia,2,0
5/28/2003,Italy,9,0
5/28/2003,Kuwait,1,0
5/28/2003,Malaysia,5,2
5/28/2003,Mongolia,9,0
5/28/2003,New Zealand,1,0
5/28/2003,Philippines,12,2
5/28/2003,Republic of Ireland,1,0
5/28/2003,Republic of Korea,3,0
5/28/2003,Romania,1,0
5/28/2003,Singapore,206,31
5/28/2003,South Africa,1,1
5/28/2003,Spain,1,0
5/28/2003,Sweden,3,0
5/28/2003,Switzerland,1,0
5/28/2003,Thailand,8,2
5/28/2003,United Kingdom,4,0
5/28/2003,United States,66,0
5/28/2003,Viet Nam,63,5
5/28/2003,Total,8240,745
5/29/2003,Australia,6,0
5/29/2003,Brazil,2,0
5/29/2003,Canada,151,26
5/29/2003,China,5325,327
5/29/2003,Hong Kong,1732,273
5/29/2003,China,1,0
5/29/2003,Taiwan,660,81
5/29/2003,Colombia,1,0
5/29/2003,Finland,1,0
5/29/2003,France,7,0
5/29/2003,Germany,9,0
5/29/2003,India,3,0
5/29/2003,Indonesia,2,0
5/29/2003,Italy,9,0
5/29/2003,Kuwait,1,0
5/29/2003,Malaysia,5,2
5/29/2003,Mongolia,9,0
5/29/2003,New Zealand,1,0
5/29/2003,Philippines,12,2
5/29/2003,Republic of Ireland,1,0
5/29/2003,Republic of Korea,3,0
5/29/2003,Romania,1,0
5/29/2003,Singapore,206,31
5/29/2003,South Africa,1,1
5/29/2003,Spain,1,0
5/29/2003,Sweden,3,0
5/29/2003,Switzerland,1,0
5/29/2003,Thailand,8,2
5/29/2003,United Kingdom,4,0
5/29/2003,United States,66,0
5/29/2003,Viet Nam,63,5
5/29/2003,Total,8295,750
5/30/2003,Australia,6,0
5/30/2003,Brazil,2,0
5/30/2003,Canada,159,28
5/30/2003,China,5328,328
5/30/2003,Hong Kong,1736,274
5/30/2003,China,1,0
5/30/2003,Taiwan,667,81
5/30/2003,Colombia,1,0
5/30/2003,Finland,1,0
5/30/2003,France,7,0
5/30/2003,Germany,9,0
5/30/2003,India,3,0
5/30/2003,Indonesia,2,0
5/30/2003,Italy,9,0
5/30/2003,Kuwait,1,0
5/30/2003,Malaysia,5,2
5/30/2003,Mongolia,9,0
5/30/2003,New Zealand,1,0
5/30/2003,Philippines,12,2
5/30/2003,Republic of Ireland,1,0
5/30/2003,Republic of Korea,3,0
5/30/2003,Romania,1,0
5/30/2003,Singapore,206,31
5/30/2003,South Africa,1,1
5/30/2003,Spain,1,0
5/30/2003,Sweden,3,0
5/30/2003,Switzerland,1,0
5/30/2003,Thailand,8,2
5/30/2003,United Kingdom,4,0
5/30/2003,United States,66,0
5/30/2003,Viet Nam,63,5
5/30/2003,Total,8317,754
5/31/2003,Australia,6,0
5/31/2003,Brazil,2,0
5/31/2003,Canada,188,30
5/31/2003,China,5328,332
5/31/2003,Hong Kong,1739,278
5/31/2003,China,1,0
5/31/2003,Taiwan,676,81
5/31/2003,Colombia,1,0
5/31/2003,Finland,1,0
5/31/2003,France,7,0
5/31/2003,Germany,10,0
5/31/2003,India,3,0
5/31/2003,Indonesia,2,0
5/31/2003,Italy,9,0
5/31/2003,Kuwait,1,0
5/31/2003,Malaysia,5,2
5/31/2003,Mongolia,9,0
5/31/2003,New Zealand,1,0
5/31/2003,Philippines,12,2
5/31/2003,Republic of Ireland,1,0
5/31/2003,Republic of Korea,3,0
5/31/2003,Romania,1,0
5/31/2003,Russian Federation,1,0
5/31/2003,Singapore,206,31
5/31/2003,South Africa,1,1
5/31/2003,Spain,1,0
5/31/2003,Sweden,3,0
5/31/2003,Switzerland,1,0
5/31/2003,Thailand,8,2
5/31/2003,United Kingdom,4,0
5/31/2003,United States,66,0
5/31/2003,Viet Nam,63,5
5/31/2003,Total,8360,764
6/1/2003,Australia,5,0
6/1/2003,Brazil,3,0
6/1/2003,Canada,230,32
6/1/2003,China,5329,343
6/1/2003,Hong Kong,1754,290
6/1/2003,China,1,0
6/1/2003,Taiwan,687,81
6/1/2003,Colombia,1,0
6/1/2003,Finland,1,0
6/1/2003,France,7,0
6/1/2003,Germany,10,0
6/1/2003,India,3,0
6/1/2003,Indonesia,2,0
6/1/2003,Italy,9,0
6/1/2003,Kuwait,1,0
6/1/2003,Malaysia,5,2
6/1/2003,Mongolia,9,0
6/1/2003,New Zealand,1,0
6/1/2003,Philippines,12,2
6/1/2003,Republic of Ireland,1,0
6/1/2003,Republic of Korea,3,0
6/1/2003,Romania,1,0
6/1/2003,Russian Federation,1,0
6/1/2003,Singapore,206,31
6/1/2003,South Africa,1,1
6/1/2003,Spain,1,0
6/1/2003,Sweden,3,0
6/1/2003,Switzerland,1,0
6/1/2003,Thailand,9,2
6/1/2003,United Kingdom,4,0
6/1/2003,United States,71,0
6/1/2003,Viet Nam,63,5
6/1/2003,Total,8435,789
6/2/2003,Australia,5,0
6/2/2003,Brazil,2,0
6/2/2003,Canada,198,30
6/2/2003,China,5328,334
6/2/2003,Hong Kong,1746,282
6/2/2003,China,1,0
6/2/2003,Taiwan,684,81
6/2/2003,Colombia,1,0
6/2/2003,Finland,1,0
6/2/2003,France,7,0
6/2/2003,Germany,10,0
6/2/2003,India,3,0
6/2/2003,Indonesia,2,0
6/2/2003,Italy,9,0
6/2/2003,Kuwait,1,0
6/2/2003,Malaysia,5,2
6/2/2003,Mongolia,9,0
6/2/2003,New Zealand,1,0
6/2/2003,Philippines,12,2
6/2/2003,Republic of Ireland,1,0
6/2/2003,Republic of Korea,3,0
6/2/2003,Romania,1,0
6/2/2003,Russian Federation,1,0
6/2/2003,Singapore,206,31
6/2/2003,South Africa,1,1
6/2/2003,Spain,1,0
6/2/2003,Sweden,3,0
6/2/2003,Switzerland,1,0
6/2/2003,Thailand,8,2
6/2/2003,United Kingdom,4,0
6/2/2003,United States,66,0
6/2/2003,Viet Nam,63,5
6/2/2003,Total,8384,770
6/3/2003,Australia,5,0
6/3/2003,Brazil,2,0
6/3/2003,Canada,213,31
6/3/2003,China,5329,334
6/3/2003,Hong Kong,1747,283
6/3/2003,China,1,0
6/3/2003,Taiwan,679,81
6/3/2003,Colombia,1,0
6/3/2003,Finland,1,0
6/3/2003,France,7,0
6/3/2003,Germany,10,0
6/3/2003,India,3,0
6/3/2003,Indonesia,2,0
6/3/2003,Italy,9,0
6/3/2003,Kuwait,1,0
6/3/2003,Malaysia,5,2
6/3/2003,Mongolia,9,0
6/3/2003,New Zealand,1,0
6/3/2003,Philippines,12,2
6/3/2003,Republic of Ireland,1,0
6/3/2003,Republic of Korea,3,0
6/3/2003,Romania,1,0
6/3/2003,Russian Federation,1,0
6/3/2003,Singapore,206,31
6/3/2003,South Africa,1,1
6/3/2003,Spain,1,0
6/3/2003,Sweden,3,0
6/3/2003,Switzerland,1,0
6/3/2003,Thailand,8,2
6/3/2003,United Kingdom,4,0
6/3/2003,United States,68,0
6/3/2003,Viet Nam,63,5
6/3/2003,Total,8398,772
6/4/2003,Australia,5,0
6/4/2003,Brazil,2,0
6/4/2003,Canada,216,31
6/4/2003,China,5329,334
6/4/2003,Hong Kong,1748,283
6/4/2003,China,1,0
6/4/2003,Taiwan,678,81
6/4/2003,Colombia,1,0
6/4/2003,Finland,1,0
6/4/2003,France,7,0
6/4/2003,Germany,10,0
6/4/2003,India,3,0
6/4/2003,Indonesia,2,0
6/4/2003,Italy,9,0
6/4/2003,Kuwait,1,0
6/4/2003,Malaysia,5,2
6/4/2003,Mongolia,9,0
6/4/2003,New Zealand,1,0
6/4/2003,Philippines,12,2
6/4/2003,Republic of Ireland,1,0
6/4/2003,Republic of Korea,3,0
6/4/2003,Romania,1,0
6/4/2003,Russian Federation,1,0
6/4/2003,Singapore,206,31
6/4/2003,South Africa,1,1
6/4/2003,Spain,1,0
6/4/2003,Sweden,3,0
6/4/2003,Switzerland,1,0
6/4/2003,Thailand,8,2
6/4/2003,United Kingdom,4,0
6/4/2003,United States,69,0
6/4/2003,Viet Nam,63,5
6/4/2003,Total,8402,772
6/5/2003,Australia,5,0
6/5/2003,Brazil,2,0
6/5/2003,Canada,218,31
6/5/2003,China,5329,336
6/5/2003,Hong Kong,1748,284
6/5/2003,China,1,0
6/5/2003,Taiwan,677,81
6/5/2003,Colombia,1,0
6/5/2003,Finland,1,0
6/5/2003,France,7,0
6/5/2003,Germany,10,0
6/5/2003,India,3,0
6/5/2003,Indonesia,2,0
6/5/2003,Italy,9,0
6/5/2003,Kuwait,1,0
6/5/2003,Malaysia,5,2
6/5/2003,Mongolia,9,0
6/5/2003,New Zealand,1,0
6/5/2003,Philippines,12,2
6/5/2003,Republic of Ireland,1,0
6/5/2003,Republic of Korea,3,0
6/5/2003,Romania,1,0
6/5/2003,Russian Federation,1,0
6/5/2003,Singapore,206,31
6/5/2003,South Africa,1,1
6/5/2003,Spain,1,0
6/5/2003,Sweden,3,0
6/5/2003,Switzerland,1,0
6/5/2003,Thailand,8,2
6/5/2003,United Kingdom,4,0
6/5/2003,United States,69,0
6/5/2003,Viet Nam,63,5
6/5/2003,Total,8403,775
6/6/2003,Australia,5,0
6/6/2003,Brazil,2,0
6/6/2003,Canada,219,31
6/6/2003,China,5329,338
6/6/2003,Hong Kong,1750,286
6/6/2003,China,1,0
6/6/2003,Taiwan,676,81
6/6/2003,Colombia,1,0
6/6/2003,Finland,1,0
6/6/2003,France,7,0
6/6/2003,Germany,10,0
6/6/2003,India,3,0
6/6/2003,Indonesia,2,0
6/6/2003,Italy,9,0
6/6/2003,Kuwait,1,0
6/6/2003,Malaysia,5,2
6/6/2003,Mongolia,9,0
6/6/2003,New Zealand,1,0
6/6/2003,Philippines,12,2
6/6/2003,Republic of Ireland,1,0
6/6/2003,Republic of Korea,3,0
6/6/2003,Romania,1,0
6/6/2003,Russian Federation,1,0
6/6/2003,Singapore,206,31
6/6/2003,South Africa,1,1
6/6/2003,Spain,1,0
6/6/2003,Sweden,3,0
6/6/2003,Switzerland,1,0
6/6/2003,Thailand,8,2
6/6/2003,United Kingdom,4,0
6/6/2003,United States,68,0
6/6/2003,Viet Nam,63,5
6/6/2003,Total,8404,779
6/7/2003,Australia,5,0
6/7/2003,Brazil,3,0
6/7/2003,Canada,247,32
6/7/2003,China,5326,346
6/7/2003,Hong Kong,1755,295
6/7/2003,China,1,0
6/7/2003,Taiwan,697,83
6/7/2003,Colombia,1,0
6/7/2003,Finland,1,0
6/7/2003,France,7,0
6/7/2003,Germany,10,0
6/7/2003,India,3,0
6/7/2003,Indonesia,2,0
6/7/2003,Italy,9,0
6/7/2003,Kuwait,1,0
6/7/2003,Malaysia,5,2
6/7/2003,Mongolia,9,0
6/7/2003,New Zealand,1,0
6/7/2003,Philippines,14,2
6/7/2003,Republic of Ireland,1,0
6/7/2003,Republic of Korea,3,0
6/7/2003,Romania,1,0
6/7/2003,Russian Federation,1,0
6/7/2003,Singapore,206,31
6/7/2003,South Africa,1,1
6/7/2003,Spain,1,0
6/7/2003,Sweden,3,0
6/7/2003,Switzerland,1,0
6/7/2003,Thailand,9,2
6/7/2003,United Kingdom,4,0
6/7/2003,United States,73,0
6/7/2003,Viet Nam,63,5
6/7/2003,Total,8464,799
6/8/2003,Australia,5,0
6/8/2003,Brazil,3,0
6/8/2003,Canada,246,33
6/8/2003,China,5326,347
6/8/2003,Hong Kong,1755,295
6/8/2003,China,1,0
6/8/2003,Taiwan,697,83
6/8/2003,Colombia,1,0
6/8/2003,Finland,1,0
6/8/2003,France,7,0
6/8/2003,Germany,10,0
6/8/2003,India,3,0
6/8/2003,Indonesia,2,0
6/8/2003,Italy,9,0
6/8/2003,Kuwait,1,0
6/8/2003,Malaysia,5,2
6/8/2003,Mongolia,9,0
6/8/2003,New Zealand,1,0
6/8/2003,Philippines,14,2
6/8/2003,Republic of Ireland,1,0
6/8/2003,Republic of Korea,3,0
6/8/2003,Romania,1,0
6/8/2003,Russian Federation,1,0
6/8/2003,Singapore,206,31
6/8/2003,South Africa,1,1
6/8/2003,Spain,1,0
6/8/2003,Sweden,3,0
6/8/2003,Switzerland,1,0
6/8/2003,Thailand,9,2
6/8/2003,United Kingdom,4,0
6/8/2003,United States,75,0
6/8/2003,Viet Nam,63,5
6/8/2003,Total,8465,801
6/9/2003,Australia,50,0
6/9/2003,Brazil,20,0
6/9/2003,Canada,2290,320
6/9/2003,China,53280,3400
6/9/2003,Hong Kong,17530,2880
6/9/2003,China,10,0
6/9/2003,Taiwan,6800,810
6/9/2003,Colombia,10,0
6/9/2003,Finland,10,0
6/9/2003,France,70,0
6/9/2003,Germany,100,0
6/9/2003,India,30,0
6/9/2003,Indonesia,20,0
6/9/2003,Italy,90,0
6/9/2003,Kuwait,10,0
6/9/2003,Malaysia,50,20
6/9/2003,Mongolia,90,0
6/9/2003,New Zealand,10,0
6/9/2003,Philippines,120,20
6/9/2003,Republic of Ireland,10,0
6/9/2003,Republic of Korea,30,0
6/9/2003,Romania,10,0
6/9/2003,Russian Federation,10,0
6/9/2003,Singapore,2060,310
6/9/2003,South Africa,10,10
6/9/2003,Spain,10,0
6/9/2003,Sweden,30,0
6/9/2003,Switzerland,10,0
6/9/2003,Thailand,90,20
6/9/2003,United Kingdom,40,0
6/9/2003,United States,680,0
6/9/2003,Viet Nam,630,50
6/9/2003,Total,84210,7840
6/10/2003,Australia,5,0
6/10/2003,Brazil,3,0
6/10/2003,Canada,229,32
6/10/2003,China,5328,343
6/10/2003,Hong Kong,1754,290
6/10/2003,China,1,0
6/10/2003,Taiwan,686,81
6/10/2003,Colombia,1,0
6/10/2003,Finland,1,0
6/10/2003,France,7,0
6/10/2003,Germany,10,0
6/10/2003,India,3,0
6/10/2003,Indonesia,2,0
6/10/2003,Italy,9,0
6/10/2003,Kuwait,1,0
6/10/2003,Malaysia,5,2
6/10/2003,Mongolia,9,0
6/10/2003,New Zealand,1,0
6/10/2003,Philippines,12,2
6/10/2003,Republic of Ireland,1,0
6/10/2003,Republic of Korea,3,0
6/10/2003,Romania,1,0
6/10/2003,Russian Federation,1,0
6/10/2003,Singapore,206,31
6/10/2003,South Africa,1,1
6/10/2003,Spain,1,0
6/10/2003,Sweden,3,0
6/10/2003,Switzerland,1,0
6/10/2003,Thailand,9,2
6/10/2003,United Kingdom,4,0
6/10/2003,United States,69,0
6/10/2003,Viet Nam,63,5
6/10/2003,Total,8430,789
6/11/2003,Australia,5,0
6/11/2003,Brazil,3,0
6/11/2003,Canada,230,32
6/11/2003,China,5329,343
6/11/2003,Hong Kong,1754,290
6/11/2003,China,1,0
6/11/2003,Taiwan,687,81
6/11/2003,Colombia,1,0
6/11/2003,Finland,1,0
6/11/2003,France,7,0
6/11/2003,Germany,10,0
6/11/2003,India,3,0
6/11/2003,Indonesia,2,0
6/11/2003,Italy,9,0
6/11/2003,Kuwait,1,0
6/11/2003,Malaysia,5,2
6/11/2003,Mongolia,9,0
6/11/2003,New Zealand,1,0
6/11/2003,Philippines,12,2
6/11/2003,Republic of Ireland,1,0
6/11/2003,Republic of Korea,3,0
6/11/2003,Romania,1,0
6/11/2003,Russian Federation,1,0
6/11/2003,Singapore,206,31
6/11/2003,South Africa,1,1
6/11/2003,Spain,1,0
6/11/2003,Sweden,3,0
6/11/2003,Switzerland,1,0
6/11/2003,Thailand,9,2
6/11/2003,United Kingdom,4,0
6/11/2003,United States,71,0
6/11/2003,Viet Nam,63,5
6/11/2003,Total,8435,789
6/12/2003,Australia,5,0
6/12/2003,Brazil,3,0
6/12/2003,Canada,238,32
6/12/2003,China,5328,343
6/12/2003,Hong Kong,1755,291
6/12/2003,China,1,0
6/12/2003,Taiwan,688,81
6/12/2003,Colombia,1,0
6/12/2003,Finland,1,0
6/12/2003,France,7,0
6/12/2003,Germany,10,0
6/12/2003,India,3,0
6/12/2003,Indonesia,2,0
6/12/2003,Italy,9,0
6/12/2003,Kuwait,1,0
6/12/2003,Malaysia,5,2
6/12/2003,Mongolia,9,0
6/12/2003,New Zealand,1,0
6/12/2003,Philippines,14,2
6/12/2003,Republic of Ireland,1,0
6/12/2003,Republic of Korea,3,0
6/12/2003,Romania,1,0
6/12/2003,Russian Federation,1,0
6/12/2003,Singapore,206,31
6/12/2003,South Africa,1,1
6/12/2003,Spain,1,0
6/12/2003,Sweden,3,0
6/12/2003,Switzerland,1,0
6/12/2003,Thailand,9,2
6/12/2003,United Kingdom,4,0
6/12/2003,United States,70,0
6/12/2003,Viet Nam,63,5
6/12/2003,Total,8445,790
6/13/2003,Australia,5,0
6/13/2003,Brazil,3,0
6/13/2003,Canada,242,32
6/13/2003,China,5327,343
6/13/2003,Hong Kong,1755,293
6/13/2003,China,1,0
6/13/2003,Taiwan,693,81
6/13/2003,Colombia,1,0
6/13/2003,Finland,1,0
6/13/2003,France,7,0
6/13/2003,Germany,10,0
6/13/2003,India,3,0
6/13/2003,Indonesia,2,0
6/13/2003,Italy,9,0
6/13/2003,Kuwait,1,0
6/13/2003,Malaysia,5,2
6/13/2003,Mongolia,9,0
6/13/2003,New Zealand,1,0
6/13/2003,Philippines,14,2
6/13/2003,Republic of Ireland,1,0
6/13/2003,Republic of Korea,3,0
6/13/2003,Romania,1,0
6/13/2003,Russian Federation,1,0
6/13/2003,Singapore,206,31
6/13/2003,South Africa,1,1
6/13/2003,Spain,1,0
6/13/2003,Sweden,3,0
6/13/2003,Switzerland,1,0
6/13/2003,Thailand,9,2
6/13/2003,United Kingdom,4,0
6/13/2003,United States,71,0
6/13/2003,Viet Nam,63,5
6/13/2003,Total,8454,792
6/16/2003,Australia,5,0
6/16/2003,Brazil,3,0
6/16/2003,Canada,243,32
6/16/2003,China,5326,346
6/16/2003,Hong Kong,1755,295
6/16/2003,China,1,0
6/16/2003,Taiwan,698,83
6/16/2003,Colombia,1,0
6/16/2003,Finland,1,0
6/16/2003,France,7,0
6/16/2003,Germany,10,0
6/16/2003,India,3,0
6/16/2003,Indonesia,2,0
6/16/2003,Italy,9,0
6/16/2003,Kuwait,1,0
6/16/2003,Malaysia,5,2
6/16/2003,Mongolia,9,0
6/16/2003,New Zealand,1,0
6/16/2003,Philippines,14,2
6/16/2003,Republic of Ireland,1,0
6/16/2003,Republic of Korea,3,0
6/16/2003,Romania,1,0
6/16/2003,Russian Federation,1,0
6/16/2003,Singapore,206,31
6/16/2003,South Africa,1,1
6/16/2003,Spain,1,0
6/16/2003,Sweden,3,0
6/16/2003,Switzerland,1,0
6/16/2003,Thailand,9,2
6/16/2003,United Kingdom,4,0
6/16/2003,United States,72,0
6/16/2003,Viet Nam,63,5
6/16/2003,Total,8460,799
6/17/2003,Australia,5,0
6/17/2003,Brazil,3,0
6/17/2003,Canada,247,32
6/17/2003,China,5326,346
6/17/2003,Hong Kong,1755,295
6/17/2003,China,1,0
6/17/2003,Taiwan,697,83
6/17/2003,Colombia,1,0
6/17/2003,Finland,1,0
6/17/2003,France,7,0
6/17/2003,Germany,10,0
6/17/2003,India,3,0
6/17/2003,Indonesia,2,0
6/17/2003,Italy,9,0
6/17/2003,Kuwait,1,0
6/17/2003,Malaysia,5,2
6/17/2003,Mongolia,9,0
6/17/2003,New Zealand,1,0
6/17/2003,Philippines,14,2
6/17/2003,Republic of Ireland,1,0
6/17/2003,Republic of Korea,3,0
6/17/2003,Romania,1,0
6/17/2003,Russian Federation,1,0
6/17/2003,Singapore,206,31
6/17/2003,South Africa,1,1
6/17/2003,Spain,1,0
6/17/2003,Sweden,3,0
6/17/2003,Switzerland,1,0
6/17/2003,Thailand,9,2
6/17/2003,United Kingdom,4,0
6/17/2003,United States,73,0
6/17/2003,Viet Nam,63,5
6/17/2003,Total,8464,799
6/18/2003,Australia,5,0
6/18/2003,Brazil,3,0
6/18/2003,Canada,246,33
6/18/2003,China,5326,347
6/18/2003,Hong Kong,1755,295
6/18/2003,China,1,0
6/18/2003,Taiwan,697,83
6/18/2003,Colombia,1,0
6/18/2003,Finland,1,0
6/18/2003,France,7,0
6/18/2003,Germany,10,0
6/18/2003,India,3,0
6/18/2003,Indonesia,2,0
6/18/2003,Italy,9,0
6/18/2003,Kuwait,1,0
6/18/2003,Malaysia,5,2
6/18/2003,Mongolia,9,0
6/18/2003,New Zealand,1,0
6/18/2003,Philippines,14,2
6/18/2003,Republic of Ireland,1,0
6/18/2003,Republic of Korea,3,0
6/18/2003,Romania,1,0
6/18/2003,Russian Federation,1,0
6/18/2003,Singapore,206,31
6/18/2003,South Africa,1,1
6/18/2003,Spain,1,0
6/18/2003,Sweden,3,0
6/18/2003,Switzerland,1,0
6/18/2003,Thailand,9,2
6/18/2003,United Kingdom,4,0
6/18/2003,United States,75,0
6/18/2003,Viet Nam,63,5
6/18/2003,Total,8465,801
6/19/2003,Australia,5,0
6/19/2003,Brazil,3,0
6/19/2003,Canada,245,34
6/19/2003,China,5326,347
6/19/2003,Hong Kong,1755,296
6/19/2003,China,1,0
6/19/2003,Taiwan,695,84
6/19/2003,Colombia,1,0
6/19/2003,Finland,1,0
6/19/2003,France,7,0
6/19/2003,Germany,10,0
6/19/2003,India,3,0
6/19/2003,Indonesia,2,0
6/19/2003,Italy,9,0
6/19/2003,Kuwait,1,0
6/19/2003,Malaysia,5,2
6/19/2003,Mongolia,9,0
6/19/2003,New Zealand,1,0
6/19/2003,Philippines,14,2
6/19/2003,Republic of Ireland,1,0
6/19/2003,Republic of Korea,3,0
6/19/2003,Romania,1,0
6/19/2003,Russian Federation,1,0
6/19/2003,Singapore,206,31
6/19/2003,South Africa,1,1
6/19/2003,Spain,1,0
6/19/2003,Sweden,3,0
6/19/2003,Switzerland,1,0
6/19/2003,Thailand,9,2
6/19/2003,United Kingdom,4,0
6/19/2003,United States,75,0
6/19/2003,Viet Nam,63,5
6/19/2003,Total,8462,804
6/20/2003,Australia,5,0
6/20/2003,Brazil,3,0
6/20/2003,Canada,245,34
6/20/2003,China,5326,347
6/20/2003,Hong Kong,1755,296
6/20/2003,China,1,0
6/20/2003,Taiwan,695,84
6/20/2003,Colombia,1,0
6/20/2003,Finland,1,0
6/20/2003,France,7,0
6/20/2003,Germany,10,0
6/20/2003,India,3,0
6/20/2003,Indonesia,2,0
6/20/2003,Italy,9,0
6/20/2003,Kuwait,1,0
6/20/2003,Malaysia,5,2
6/20/2003,Mongolia,9,0
6/20/2003,New Zealand,1,0
6/20/2003,Philippines,14,2
6/20/2003,Republic of Ireland,1,0
6/20/2003,Republic of Korea,3,0
6/20/2003,Romania,1,0
6/20/2003,Russian Federation,1,0
6/20/2003,Singapore,206,31
6/20/2003,South Africa,1,1
6/20/2003,Spain,1,0
6/20/2003,Sweden,3,0
6/20/2003,Switzerland,1,0
6/20/2003,Thailand,9,2
6/20/2003,United Kingdom,4,0
6/20/2003,United States,74,0
6/20/2003,Viet Nam,63,5
6/20/2003,Total,8461,804
6/23/2003,Australia,5,0
6/23/2003,Brazil,3,0
6/23/2003,Canada,246,35
6/23/2003,China,5326,347
6/23/2003,Hong Kong,1755,296
6/23/2003,China,1,0
6/23/2003,Taiwan,692,84
6/23/2003,Colombia,1,0
6/23/2003,Finland,1,0
6/23/2003,France,7,0
6/23/2003,Germany,10,0
6/23/2003,India,3,0
6/23/2003,Indonesia,2,0
6/23/2003,Italy,9,0
6/23/2003,Kuwait,1,0
6/23/2003,Malaysia,5,2
6/23/2003,Mongolia,9,0
6/23/2003,New Zealand,1,0
6/23/2003,Philippines,14,2
6/23/2003,Republic of Ireland,1,0
6/23/2003,Republic of Korea,3,0
6/23/2003,Romania,1,0
6/23/2003,Russian Federation,1,0
6/23/2003,Singapore,206,31
6/23/2003,South Africa,1,1
6/23/2003,Spain,1,0
6/23/2003,Sweden,3,0
6/23/2003,Switzerland,1,0
6/23/2003,Thailand,9,2
6/23/2003,United Kingdom,4,0
6/23/2003,United States,74,0
6/23/2003,Viet Nam,63,5
6/23/2003,Total,8459,805
6/24/2003,Australia,5,0
6/24/2003,Brazil,3,0
6/24/2003,Canada,249,37
6/24/2003,China,5326,347
6/24/2003,Hong Kong,1755,296
6/24/2003,China,1,0
6/24/2003,Taiwan,687,84
6/24/2003,Colombia,1,0
6/24/2003,Finland,1,0
6/24/2003,France,7,0
6/24/2003,Germany,10,0
6/24/2003,India,3,0
6/24/2003,Indonesia,2,0
6/24/2003,Italy,9,0
6/24/2003,Kuwait,1,0
6/24/2003,Malaysia,5,2
6/24/2003,Mongolia,9,0
6/24/2003,New Zealand,1,0
6/24/2003,Philippines,14,2
6/24/2003,Republic of Ireland,1,0
6/24/2003,Republic of Korea,3,0
6/24/2003,Romania,1,0
6/24/2003,Russian Federation,1,0
6/24/2003,Singapore,206,31
6/24/2003,South Africa,1,1
6/24/2003,Spain,1,0
6/24/2003,Sweden,3,0
6/24/2003,Switzerland,1,0
6/24/2003,Thailand,9,2
6/24/2003,United Kingdom,4,0
6/24/2003,United States,75,0
6/24/2003,Viet Nam,63,5
6/24/2003,Total,8458,807
6/25/2003,Australia,5,0
6/25/2003,Brazil,3,0
6/25/2003,Canada,250,37
6/25/2003,China,5327,348
6/25/2003,Hong Kong,1755,296
6/25/2003,China,1,0
6/25/2003,Taiwan,686,84
6/25/2003,Colombia,1,0
6/25/2003,Finland,1,0
6/25/2003,France,7,0
6/25/2003,Germany,10,0
6/25/2003,India,3,0
6/25/2003,Indonesia,2,0
6/25/2003,Italy,9,0
6/25/2003,Japan,1,0
6/25/2003,Kuwait,1,0
6/25/2003,Malaysia,5,2
6/25/2003,Mongolia,9,0
6/25/2003,New Zealand,1,0
6/25/2003,Philippines,14,2
6/25/2003,Republic of Ireland,1,0
6/25/2003,Republic of Korea,3,0
6/25/2003,Romania,1,0
6/25/2003,Russian Federation,1,0
6/25/2003,Singapore,206,31
6/25/2003,South Africa,1,1
6/25/2003,Spain,1,0
6/25/2003,Sweden,3,0
6/25/2003,Switzerland,1,0
6/25/2003,Thailand,9,2
6/25/2003,United Kingdom,4,0
6/25/2003,United States,75,0
6/25/2003,Viet Nam,63,5
6/25/2003,Total,8460,808
6/26/2003,Australia,5,0
6/26/2003,Brazil,3,0
6/26/2003,Canada,251,37
6/26/2003,China,5327,348
6/26/2003,Hong Kong,1755,296
6/26/2003,China,1,0
6/26/2003,Taiwan,682,84
6/26/2003,Colombia,1,0
6/26/2003,Finland,1,0
6/26/2003,France,7,0
6/26/2003,Germany,10,0
6/26/2003,India,3,0
6/26/2003,Indonesia,2,0
6/26/2003,Italy,9,0
6/26/2003,Japan,1,0
6/26/2003,Kuwait,1,0
6/26/2003,Malaysia,5,2
6/26/2003,Mongolia,9,0
6/26/2003,New Zealand,1,0
6/26/2003,Philippines,14,2
6/26/2003,Republic of Ireland,1,0
6/26/2003,Republic of Korea,3,0
6/26/2003,Romania,1,0
6/26/2003,Russian Federation,1,0
6/26/2003,Singapore,206,32
6/26/2003,South Africa,1,1
6/26/2003,Spain,1,0
6/26/2003,Sweden,3,0
6/26/2003,Switzerland,1,0
6/26/2003,Thailand,9,2
6/26/2003,United Kingdom,4,0
6/26/2003,United States,74,0
6/26/2003,Viet Nam,63,5
6/26/2003,Total,8456,809
6/27/2003,Australia,5,0
6/27/2003,Brazil,3,0
6/27/2003,Canada,251,37
6/27/2003,China,5327,348
6/27/2003,Hong Kong,1755,297
6/27/2003,China,1,0
6/27/2003,Taiwan,681,84
6/27/2003,Colombia,1,0
6/27/2003,Finland,1,0
6/27/2003,France,7,0
6/27/2003,Germany,10,0
6/27/2003,India,3,0
6/27/2003,Indonesia,2,0
6/27/2003,Italy,5,0
6/27/2003,Kuwait,1,0
6/27/2003,Malaysia,5,2
6/27/2003,Mongolia,9,0
6/27/2003,New Zealand,1,0
6/27/2003,Philippines,14,2
6/27/2003,Republic of Ireland,1,0
6/27/2003,Republic of Korea,3,0
6/27/2003,Romania,1,0
6/27/2003,Russian Federation,1,0
6/27/2003,Singapore,206,32
6/27/2003,South Africa,1,1
6/27/2003,Spain,1,0
6/27/2003,Sweden,3,0
6/27/2003,Switzerland,1,0
6/27/2003,Thailand,9,2
6/27/2003,United Kingdom,4,0
6/27/2003,United States,74,0
6/27/2003,Viet Nam,63,5
6/27/2003,Total,8450,810
6/30/2003,Australia,5,0
6/30/2003,Brazil,3,0
6/30/2003,Canada,252,37
6/30/2003,China,5327,348
6/30/2003,Hong Kong,1755,298
6/30/2003,China,1,0
6/30/2003,Taiwan,678,84
6/30/2003,Colombia,1,0
6/30/2003,Finland,1,0
6/30/2003,France,7,0
6/30/2003,Germany,10,0
6/30/2003,India,3,0
6/30/2003,Indonesia,2,0
6/30/2003,Italy,5,0
6/30/2003,Kuwait,1,0
6/30/2003,Malaysia,5,2
6/30/2003,Mongolia,9,0
6/30/2003,New Zealand,1,0
6/30/2003,Philippines,14,2
6/30/2003,Republic of Ireland,1,0
6/30/2003,Republic of Korea,3,0
6/30/2003,Romania,1,0
6/30/2003,Russian Federation,1,0
6/30/2003,Singapore,206,32
6/30/2003,South Africa,1,1
6/30/2003,Spain,1,0
6/30/2003,Sweden,3,0
6/30/2003,Switzerland,1,0
6/30/2003,Thailand,9,2
6/30/2003,United Kingdom,4,0
6/30/2003,United States,73,0
6/30/2003,Viet Nam,63,5
6/30/2003,Total,8447,811
7/1/2003,Australia,5,0
7/1/2003,Brazil,1,0
7/1/2003,Canada,252,38
7/1/2003,China,5327,348
7/1/2003,Hong Kong,1755,298
7/1/2003,China,1,0
7/1/2003,Taiwan,678,84
7/1/2003,Colombia,1,0
7/1/2003,Finland,1,0
7/1/2003,France,7,0
7/1/2003,Germany,10,0
7/1/2003,India,3,0
7/1/2003,Indonesia,2,0
7/1/2003,Italy,5,0
7/1/2003,Kuwait,1,0
7/1/2003,Malaysia,5,2
7/1/2003,Mongolia,9,0
7/1/2003,New Zealand,1,0
7/1/2003,Philippines,14,2
7/1/2003,Republic of Ireland,1,0
7/1/2003,Republic of Korea,3,0
7/1/2003,Romania,1,0
7/1/2003,Russian Federation,1,0
7/1/2003,Singapore,206,32
7/1/2003,South Africa,1,1
7/1/2003,Spain,1,0
7/1/2003,Sweden,3,0
7/1/2003,Switzerland,1,0
7/1/2003,Thailand,9,2
7/1/2003,United Kingdom,4,0
7/1/2003,United States,73,0
7/1/2003,Viet Nam,63,5
7/1/2003,Total,8445,812
7/2/2003,Australia,5,0
7/2/2003,Brazil,1,0
7/2/2003,Canada,252,38
7/2/2003,China,5327,348
7/2/2003,Hong Kong,1755,298
7/2/2003,China,1,0
7/2/2003,Taiwan,676,84
7/2/2003,Colombia,1,0
7/2/2003,Finland,1,0
7/2/2003,France,7,0
7/2/2003,Germany,10,0
7/2/2003,India,3,0
7/2/2003,Indonesia,2,0
7/2/2003,Italy,4,0
7/2/2003,Kuwait,1,0
7/2/2003,Malaysia,5,2
7/2/2003,Mongolia,9,0
7/2/2003,New Zealand,1,0
7/2/2003,Philippines,14,2
7/2/2003,Republic of Ireland,1,0
7/2/2003,Republic of Korea,3,0
7/2/2003,Romania,1,0
7/2/2003,Russian Federation,1,0
7/2/2003,Singapore,206,32
7/2/2003,South Africa,1,1
7/2/2003,Spain,1,0
7/2/2003,Sweden,3,0
7/2/2003,Switzerland,1,0
7/2/2003,Thailand,9,2
7/2/2003,United Kingdom,4,0
7/2/2003,United States,73,0
7/2/2003,Viet Nam,63,5
7/2/2003,Total,8442,812
7/3/2003,Australia,5,0
7/3/2003,Brazil,1,0
7/3/2003,Canada,251,38
7/3/2003,China,5327,348
7/3/2003,Hong Kong,1755,298
7/3/2003,China,1,0
7/3/2003,Taiwan,674,84
7/3/2003,Colombia,1,0
7/3/2003,Finland,1,0
7/3/2003,France,7,0
7/3/2003,Germany,10,0
7/3/2003,India,3,0
7/3/2003,Indonesia,2,0
7/3/2003,Italy,4,0
7/3/2003,Kuwait,1,0
7/3/2003,Malaysia,5,2
7/3/2003,Mongolia,9,0
7/3/2003,New Zealand,1,0
7/3/2003,Philippines,14,2
7/3/2003,Republic of Ireland,1,0
7/3/2003,Republic of Korea,3,0
7/3/2003,Romania,1,0
7/3/2003,Russian Federation,1,0
7/3/2003,Singapore,206,32
7/3/2003,South Africa,1,1
7/3/2003,Spain,1,0
7/3/2003,Sweden,3,0
7/3/2003,Switzerland,1,0
7/3/2003,Thailand,9,2
7/3/2003,United Kingdom,4,0
7/3/2003,United States,73,0
7/3/2003,Viet Nam,63,5
7/3/2003,Total,8439,812
7/4/2003,Australia,5,0
7/4/2003,Brazil,1,0
7/4/2003,Canada,251,38
7/4/2003,China,5327,348
7/4/2003,Hong Kong,1755,298
7/4/2003,China,1,0
7/4/2003,Taiwan,674,84
7/4/2003,Colombia,1,0
7/4/2003,Finland,1,0
7/4/2003,France,7,0
7/4/2003,Germany,10,0
7/4/2003,India,3,0
7/4/2003,Indonesia,2,0
7/4/2003,Italy,4,0
7/4/2003,Kuwait,1,0
7/4/2003,Malaysia,5,2
7/4/2003,Mongolia,9,0
7/4/2003,New Zealand,1,0
7/4/2003,Philippines,14,2
7/4/2003,Republic of Ireland,1,0
7/4/2003,Republic of Korea,3,0
7/4/2003,Romania,1,0
7/4/2003,Russian Federation,1,0
7/4/2003,Singapore,206,32
7/4/2003,South Africa,1,1
7/4/2003,Spain,1,0
7/4/2003,Sweden,3,0
7/4/2003,Switzerland,1,0
7/4/2003,Thailand,9,2
7/4/2003,United Kingdom,4,0
7/4/2003,United States,73,0
7/4/2003,Viet Nam,63,5
7/4/2003,Total,8439,812
7/7/2003,Australia,5,0
7/7/2003,Brazil,1,0
7/7/2003,Canada,251,38
7/7/2003,China,5327,348
7/7/2003,Hong Kong,1755,298
7/7/2003,China,1,0
7/7/2003,Taiwan,674,84
7/7/2003,Colombia,1,0
7/7/2003,Finland,1,0
7/7/2003,France,7,0
7/7/2003,Germany,10,0
7/7/2003,India,3,0
7/7/2003,Indonesia,2,0
7/7/2003,Italy,4,0
7/7/2003,Kuwait,1,0
7/7/2003,Malaysia,5,2
7/7/2003,Mongolia,9,0
7/7/2003,New Zealand,1,0
7/7/2003,Philippines,14,2
7/7/2003,Republic of Ireland,1,0
7/7/2003,Republic of Korea,3,0
7/7/2003,Romania,1,0
7/7/2003,Russian Federation,1,0
7/7/2003,Singapore,206,32
7/7/2003,South Africa,1,1
7/7/2003,Spain,1,0
7/7/2003,Sweden,3,0
7/7/2003,Switzerland,1,0
7/7/2003,Thailand,9,2
7/7/2003,United Kingdom,4,0
7/7/2003,United States,73,0
7/7/2003,Viet Nam,63,5
7/7/2003,Total,8439,812
7/8/2003,Australia,5,0
7/8/2003,Brazil,1,0
7/8/2003,Canada,250,38
7/8/2003,China,5327,348
7/8/2003,Hong Kong,1755,298
7/8/2003,China,1,0
7/8/2003,Taiwan,671,84
7/8/2003,Colombia,1,0
7/8/2003,Finland,1,0
7/8/2003,France,7,0
7/8/2003,Germany,10,0
7/8/2003,India,3,0
7/8/2003,Indonesia,2,0
7/8/2003,Italy,4,0
7/8/2003,Kuwait,1,0
7/8/2003,Malaysia,5,2
7/8/2003,Mongolia,9,0
7/8/2003,New Zealand,1,0
7/8/2003,Philippines,14,2
7/8/2003,Republic of Ireland,1,0
7/8/2003,Republic of Korea,3,0
7/8/2003,Romania,1,0
7/8/2003,Russian Federation,1,0
7/8/2003,Singapore,206,32
7/8/2003,South Africa,1,1
7/8/2003,Spain,1,0
7/8/2003,Sweden,3,0
7/8/2003,Switzerland,1,0
7/8/2003,Thailand,9,2
7/8/2003,United Kingdom,4,0
7/8/2003,United States,74,0
7/8/2003,Viet Nam,63,5
7/8/2003,Total,8436,812
7/9/2003,Australia,5,0
7/9/2003,Brazil,1,0
7/9/2003,Canada,249,38
7/9/2003,China,5327,348
7/9/2003,Hong Kong,1755,298
7/9/2003,China,1,0
7/9/2003,Taiwan,671,84
7/9/2003,Colombia,1,0
7/9/2003,Finland,1,0
7/9/2003,France,7,0
7/9/2003,Germany,10,0
7/9/2003,India,3,0
7/9/2003,Indonesia,2,0
7/9/2003,Italy,4,0
7/9/2003,Kuwait,1,0
7/9/2003,Malaysia,5,2
7/9/2003,Mongolia,9,0
7/9/2003,New Zealand,1,0
7/9/2003,Philippines,14,2
7/9/2003,Republic of Ireland,1,0
7/9/2003,Republic of Korea,3,0
7/9/2003,Romania,1,0
7/9/2003,Russian Federation,1,0
7/9/2003,Singapore,206,32
7/9/2003,South Africa,1,1
7/9/2003,Spain,1,0
7/9/2003,Sweden,3,0
7/9/2003,Switzerland,1,0
7/9/2003,Thailand,9,2
7/9/2003,United Kingdom,4,0
7/9/2003,United States,75,0
7/9/2003,Viet Nam,63,5
7/9/2003,Total,8436,812
7/10/2003,Australia,5,0
7/10/2003,Brazil,1,0
7/10/2003,Canada,250,38
7/10/2003,China,5327,348
7/10/2003,Hong Kong,1755,298
7/10/2003,China,1,0
7/10/2003,Taiwan,671,84
7/10/2003,Colombia,1,0
7/10/2003,Finland,1,0
7/10/2003,France,7,0
7/10/2003,Germany,10,0
7/10/2003,India,3,0
7/10/2003,Indonesia,2,0
7/10/2003,Italy,4,0
7/10/2003,Kuwait,1,0
7/10/2003,Malaysia,5,2
7/10/2003,Mongolia,9,0
7/10/2003,New Zealand,1,0
7/10/2003,Philippines,14,2
7/10/2003,Republic of Ireland,1,0
7/10/2003,Republic of Korea,3,0
7/10/2003,Romania,1,0
7/10/2003,Russian Federation,1,0
7/10/2003,Singapore,206,32
7/10/2003,South Africa,1,1
7/10/2003,Spain,1,0
7/10/2003,Sweden,3,0
7/10/2003,Switzerland,1,0
7/10/2003,Thailand,9,2
7/10/2003,United Kingdom,4,0
7/10/2003,United States,75,0
7/10/2003,Viet Nam,63,5
7/10/2003,Total,8437,812
7/11/2003,Australia,5,0
7/11/2003,Brazil,1,0
7/11/2003,Canada,250,38
7/11/2003,China,5327,348
7/11/2003,Hong Kong,1755,298
7/11/2003,China,1,0
7/11/2003,Taiwan,671,84
7/11/2003,Colombia,1,0
7/11/2003,Finland,1,0
7/11/2003,France,7,1
7/11/2003,Germany,10,0
7/11/2003,India,3,0
7/11/2003,Indonesia,2,0
7/11/2003,Italy,4,0
7/11/2003,Kuwait,1,0
7/11/2003,Malaysia,5,2
7/11/2003,Mongolia,9,0
7/11/2003,New Zealand,1,0
7/11/2003,Philippines,14,2
7/11/2003,Republic of Ireland,1,0
7/11/2003,Republic of Korea,3,0
7/11/2003,Romania,1,0
7/11/2003,Russian Federation,1,0
7/11/2003,Singapore,206,32
7/11/2003,South Africa,1,1
7/11/2003,Spain,1,0
7/11/2003,Sweden,3,0
7/11/2003,Switzerland,1,0
7/11/2003,Thailand,9,2
7/11/2003,United Kingdom,4,0
7/11/2003,United States,75,0
7/11/2003,Viet Nam,63,5
7/11/2003,Total,8437,813
